lab_id,consultation_id,patient_id,clinician_id,district,test_type,requested_datetime,week_number,result_uploaded,upload_datetime,tat_hours,clinician_viewed,hours_to_view,lab_facility
LAB-00001,CON-00001,PAT-00386,CLN-006,Muhanga,Blood Glucose,2026-04-26 20:29,13,Yes,2026-04-29 18:22,69.9,No,,Rubavu Lab
LAB-00002,CON-00004,PAT-01046,CLN-032,Muhanga,Blood Glucose,2026-04-25 01:02,12,Yes,2026-04-25 11:18,10.3,Yes,14,Kigali Lab
LAB-00003,CON-00008,PAT-01105,CLN-005,Kicukiro,Full Blood Count,2026-04-06 10:27,10,Yes,2026-04-08 17:52,55.4,No,,Rubavu Lab
LAB-00004,CON-00010,PAT-00137,CLN-001,Nyagatare,Malaria RDT,2026-04-25 10:29,12,Yes,2026-04-27 02:17,39.8,Yes,6.7,Huye Lab
LAB-00005,CON-00014,PAT-00207,CLN-033,Muhanga,Blood Glucose,2026-04-07 03:17,10,Yes,2026-04-10 14:02,82.8,Yes,23.3,Huye Lab
LAB-00006,CON-00015,PAT-00207,CLN-021,Muhanga,Liver Function,2026-02-24 10:36,4,Yes,2026-02-26 06:21,43.8,Yes,16.4,Rubavu Lab
LAB-00007,CON-00017,PAT-00172,CLN-033,Nyarugenge,Malaria RDT,2026-04-19 13:57,12,Yes,2026-04-22 03:34,61.6,Yes,5.5,Rubavu Lab
LAB-00008,CON-00028,PAT-00397,CLN-034,Rulindo,Liver Function,2026-04-08 03:09,10,Yes,2026-04-11 01:48,70.7,No,,Nyagatare Lab
LAB-00009,CON-00029,PAT-00397,CLN-015,Rulindo,Full Blood Count,2026-04-16 09:49,11,Yes,2026-04-17 18:06,32.3,Yes,16.3,Rubavu Lab
LAB-00010,CON-00037,PAT-00400,CLN-009,Nyagatare,Full Blood Count,2026-04-28 00:06,13,Yes,2026-04-29 05:30,29.4,Yes,4.2,Kigali Lab
LAB-00011,CON-00039,PAT-01104,CLN-031,Gasabo,HIV Test,2026-04-09 12:34,10,Yes,2026-04-15 23:20,154.8,Yes,27.9,Rubavu Lab
LAB-00012,CON-00044,PAT-01091,CLN-020,Nyagatare,Renal Function,2026-04-22 01:14,12,Yes,2026-04-23 02:31,25.3,Yes,14.4,Huye Lab
LAB-00013,CON-00045,PAT-01091,CLN-026,Nyagatare,Malaria RDT,2026-04-01 23:00,9,Yes,2026-04-02 16:14,17.2,No,,Nyagatare Lab
LAB-00014,CON-00049,PAT-00925,CLN-001,Rulindo,Malaria RDT,2026-04-22 01:46,12,Yes,2026-04-24 01:28,47.7,Yes,11.2,Huye Lab
LAB-00015,CON-00052,PAT-00739,CLN-014,Nyarugenge,Liver Function,2026-04-10 14:25,10,Yes,2026-04-13 21:43,79.3,Yes,8.1,Huye Lab
LAB-00016,CON-00060,PAT-00529,CLN-035,Nyarugenge,Malaria RDT,2026-04-10 12:18,10,Yes,2026-04-11 01:23,13.1,No,,Huye Lab
LAB-00017,CON-00064,PAT-00045,CLN-020,Nyarugenge,Blood Glucose,2026-03-07 10:35,5,Yes,2026-03-09 04:06,41.5,Yes,11.3,Huye Lab
LAB-00018,CON-00066,PAT-00014,CLN-031,Rubavu,Full Blood Count,2026-03-17 05:54,7,Yes,2026-03-19 04:40,46.8,No,,Kigali Lab
LAB-00019,CON-00068,PAT-00452,CLN-039,Kicukiro,Full Blood Count,2026-04-19 06:35,12,Yes,2026-04-22 01:09,66.6,Yes,2.1,Kigali Lab
LAB-00020,CON-00069,PAT-00681,CLN-009,Muhanga,Malaria RDT,2026-04-27 10:54,13,No,,,,,Huye Lab
LAB-00021,CON-00072,PAT-00521,CLN-032,Rwamagana,Full Blood Count,2026-04-21 23:51,12,Yes,2026-04-23 22:10,46.3,Yes,19.3,Rubavu Lab
LAB-00022,CON-00075,PAT-01047,CLN-011,Huye,Malaria RDT,2026-04-16 07:53,11,Yes,2026-04-19 15:42,79.8,No,,Huye Lab
LAB-00023,CON-00077,PAT-00195,CLN-008,Gasabo,Malaria RDT,2026-04-22 10:50,12,Yes,2026-04-23 22:09,35.3,Yes,5.5,Huye Lab
LAB-00024,CON-00082,PAT-00989,CLN-038,Rulindo,Renal Function,2026-03-05 07:37,5,Yes,2026-03-06 05:26,21.8,No,,Huye Lab
LAB-00025,CON-00083,PAT-00989,CLN-040,Rulindo,Malaria RDT,2026-02-16 17:09,3,Yes,2026-02-17 14:17,21.1,Yes,8.1,Kigali Lab
LAB-00026,CON-00084,PAT-00737,CLN-033,Karongi,Blood Glucose,2026-03-19 23:28,7,Yes,2026-03-21 09:32,34.1,Yes,10.1,Rubavu Lab
LAB-00027,CON-00087,PAT-00274,CLN-024,Nyagatare,Malaria RDT,2026-04-17 23:40,11,Yes,2026-04-19 08:42,33,Yes,23.8,Nyagatare Lab
LAB-00028,CON-00092,PAT-00391,CLN-037,Gasabo,Malaria RDT,2026-03-15 09:53,7,Yes,2026-03-16 22:01,36.1,Yes,24.2,Kigali Lab
LAB-00029,CON-00093,PAT-00923,CLN-011,Rubavu,Blood Glucose,2026-04-24 10:55,12,Yes,2026-04-26 13:34,50.7,Yes,13.4,Kigali Lab
LAB-00030,CON-00095,PAT-00351,CLN-034,Rwamagana,Urinalysis,2026-04-27 17:11,13,Yes,2026-04-28 22:32,29.4,Yes,15.4,Huye Lab
LAB-00031,CON-00098,PAT-00055,CLN-001,Gasabo,HIV Test,2026-03-19 15:21,7,Yes,2026-03-23 00:16,80.9,Yes,3.1,Nyagatare Lab
LAB-00032,CON-00099,PAT-00055,CLN-036,Gasabo,Urinalysis,2026-04-25 21:55,12,Yes,2026-04-26 05:52,8,Yes,13.5,Nyagatare Lab
LAB-00033,CON-00101,PAT-00725,CLN-007,Kicukiro,Full Blood Count,2026-04-28 12:56,13,Yes,2026-04-28 18:31,5.6,Yes,26.9,Huye Lab
LAB-00034,CON-00102,PAT-00725,CLN-036,Kicukiro,Full Blood Count,2026-04-28 16:00,13,No,,,,,Kigali Lab
LAB-00035,CON-00104,PAT-00591,CLN-013,Kicukiro,Full Blood Count,2026-03-13 02:22,6,Yes,2026-03-14 05:42,27.3,Yes,19.5,Huye Lab
LAB-00036,CON-00110,PAT-00659,CLN-002,Rubavu,Malaria RDT,2026-04-04 21:20,9,Yes,2026-04-08 07:11,81.9,Yes,23.8,Rubavu Lab
LAB-00037,CON-00113,PAT-01117,CLN-010,Kicukiro,Malaria RDT,2026-04-24 16:09,12,Yes,2026-04-25 01:28,9.3,Yes,12,Rubavu Lab
LAB-00038,CON-00123,PAT-01012,CLN-024,Nyarugenge,Urinalysis,2026-03-18 19:59,7,Yes,2026-03-19 00:02,4.1,Yes,20.3,Nyagatare Lab
LAB-00039,CON-00125,PAT-01012,CLN-015,Nyarugenge,Blood Glucose,2026-04-27 04:28,13,Yes,2026-04-28 04:16,23.8,Yes,26.8,Nyagatare Lab
LAB-00040,CON-00127,PAT-01053,CLN-005,Rwamagana,Liver Function,2026-03-19 18:59,7,Yes,2026-03-20 00:26,5.5,Yes,2.1,Nyagatare Lab
LAB-00041,CON-00130,PAT-00084,CLN-037,Rwamagana,Renal Function,2026-04-16 06:19,11,Yes,2026-04-17 05:44,23.4,Yes,21.2,Huye Lab
LAB-00042,CON-00131,PAT-00992,CLN-026,Gasabo,Malaria RDT,2026-04-11 03:25,10,Yes,2026-04-12 00:59,21.6,Yes,16.3,Nyagatare Lab
LAB-00043,CON-00133,PAT-01072,CLN-007,Gasabo,Blood Glucose,2026-03-22 06:17,8,Yes,2026-03-25 02:54,68.6,Yes,17.2,Rubavu Lab
LAB-00044,CON-00134,PAT-00738,CLN-001,Gasabo,Blood Glucose,2026-04-15 23:22,11,Yes,2026-04-19 12:01,84.7,Yes,26.4,Rubavu Lab
LAB-00045,CON-00137,PAT-00431,CLN-033,Nyagatare,Malaria RDT,2026-04-29 23:42,13,No,,,,,Huye Lab
LAB-00046,CON-00143,PAT-00772,CLN-037,Kicukiro,Full Blood Count,2026-03-13 04:43,6,Yes,2026-03-13 18:40,14,Yes,20.6,Huye Lab
LAB-00047,CON-00145,PAT-00278,CLN-019,Rwamagana,Malaria RDT,2026-04-22 15:28,12,Yes,2026-04-23 09:54,18.4,No,,Rubavu Lab
LAB-00048,CON-00146,PAT-00837,CLN-033,Rwamagana,Malaria RDT,2026-04-12 02:48,11,Yes,2026-04-14 01:21,46.6,Yes,6,Nyagatare Lab
LAB-00049,CON-00148,PAT-01183,CLN-023,Rulindo,Blood Glucose,2026-04-18 06:28,11,Yes,2026-04-19 23:56,41.5,Yes,10.8,Huye Lab
LAB-00050,CON-00150,PAT-00673,CLN-018,Gasabo,Malaria RDT,2026-04-03 13:11,9,Yes,2026-04-03 19:04,5.9,No,,Huye Lab
LAB-00051,CON-00155,PAT-01190,CLN-011,Kicukiro,Malaria RDT,2026-04-07 19:50,10,Yes,2026-04-11 13:56,90.1,Yes,26,Rubavu Lab
LAB-00052,CON-00161,PAT-00216,CLN-027,Kicukiro,Full Blood Count,2026-03-22 04:48,8,Yes,2026-03-23 12:25,31.6,Yes,24.4,Huye Lab
LAB-00053,CON-00164,PAT-00752,CLN-007,Rwamagana,Blood Glucose,2026-04-21 23:10,12,Yes,2026-04-22 14:34,15.4,Yes,16.7,Rubavu Lab
LAB-00054,CON-00165,PAT-00752,CLN-027,Rwamagana,Malaria RDT,2026-04-16 01:45,11,Yes,2026-04-18 07:07,53.4,Yes,2,Huye Lab
LAB-00055,CON-00168,PAT-00935,CLN-017,Nyarugenge,Full Blood Count,2026-04-21 05:56,12,Yes,2026-04-21 17:59,12.1,Yes,14.1,Nyagatare Lab
LAB-00056,CON-00173,PAT-01022,CLN-006,Kicukiro,HIV Test,2026-04-13 21:24,11,Yes,2026-04-18 11:35,110.2,Yes,21.6,Huye Lab
LAB-00057,CON-00180,PAT-00075,CLN-023,Rulindo,Urinalysis,2026-04-19 15:24,12,Yes,2026-04-20 16:50,25.4,No,,Rubavu Lab
LAB-00058,CON-00181,PAT-00733,CLN-034,Nyarugenge,Blood Glucose,2026-04-03 02:50,9,Yes,2026-04-03 13:39,10.8,Yes,5.7,Rubavu Lab
LAB-00059,CON-00186,PAT-00156,CLN-039,Huye,Blood Glucose,2026-04-28 03:25,13,Yes,2026-04-28 22:14,18.8,Yes,16.1,Huye Lab
LAB-00060,CON-00187,PAT-00039,CLN-029,Gasabo,Malaria RDT,2026-03-31 02:52,9,Yes,2026-04-03 22:43,91.9,Yes,26.5,Huye Lab
LAB-00061,CON-00188,PAT-00039,CLN-034,Gasabo,Malaria RDT,2026-04-28 07:35,13,Yes,2026-04-29 05:32,22,No,,Nyagatare Lab
LAB-00062,CON-00189,PAT-00095,CLN-024,Muhanga,HIV Test,2026-04-27 21:24,13,Yes,2026-04-28 20:39,23.3,Yes,24.6,Huye Lab
LAB-00063,CON-00191,PAT-01083,CLN-005,Rulindo,Blood Glucose,2026-04-28 04:43,13,Yes,2026-04-29 01:00,20.3,Yes,17.9,Rubavu Lab
LAB-00064,CON-00195,PAT-00321,CLN-005,Rwamagana,Malaria RDT,2026-03-02 13:55,5,Yes,2026-03-03 05:50,15.9,Yes,14.3,Kigali Lab
LAB-00065,CON-00196,PAT-00955,CLN-040,Huye,Urinalysis,2026-04-28 23:50,13,No,,,,,Rubavu Lab
LAB-00066,CON-00197,PAT-00955,CLN-002,Huye,HIV Test,2026-04-24 05:55,12,Yes,2026-04-27 03:59,70.1,Yes,23.5,Kigali Lab
LAB-00067,CON-00208,PAT-00786,CLN-034,Kicukiro,Blood Glucose,2026-04-27 13:25,13,No,,,,,Nyagatare Lab
LAB-00068,CON-00209,PAT-00271,CLN-028,Rulindo,Urinalysis,2026-04-23 18:11,12,Yes,2026-04-25 01:51,31.7,Yes,18.4,Rubavu Lab
LAB-00069,CON-00212,PAT-01128,CLN-018,Nyarugenge,Blood Glucose,2026-04-10 16:11,10,Yes,2026-04-14 03:56,83.8,No,,Nyagatare Lab
LAB-00070,CON-00218,PAT-00564,CLN-029,Rubavu,Malaria RDT,2026-03-06 14:11,5,Yes,2026-03-08 13:16,47.1,Yes,11.1,Nyagatare Lab
LAB-00071,CON-00222,PAT-00641,CLN-025,Kicukiro,Liver Function,2026-02-27 19:41,4,Yes,2026-03-01 22:23,50.7,Yes,21.1,Huye Lab
LAB-00072,CON-00223,PAT-00483,CLN-012,Rwamagana,Blood Glucose,2026-04-20 03:46,12,Yes,2026-04-21 09:37,29.9,Yes,22.3,Kigali Lab
LAB-00073,CON-00231,PAT-00367,CLN-013,Karongi,Full Blood Count,2026-04-26 19:02,13,Yes,2026-04-27 16:05,21.1,Yes,11.5,Rubavu Lab
LAB-00074,CON-00232,PAT-00367,CLN-028,Karongi,Malaria RDT,2026-04-18 09:00,11,Yes,2026-04-18 20:45,11.8,Yes,12.1,Huye Lab
LAB-00075,CON-00235,PAT-00261,CLN-030,Gisagara,Full Blood Count,2026-04-07 17:10,10,Yes,2026-04-08 07:22,14.2,No,,Kigali Lab
LAB-00076,CON-00236,PAT-00261,CLN-009,Gisagara,HIV Test,2026-03-12 14:03,6,Yes,2026-03-13 16:00,26,Yes,24.3,Kigali Lab
LAB-00077,CON-00238,PAT-01176,CLN-007,Gasabo,Blood Glucose,2026-04-15 02:19,11,Yes,2026-04-17 11:21,57,Yes,20.8,Nyagatare Lab
LAB-00078,CON-00239,PAT-00140,CLN-033,Rubavu,Urinalysis,2026-04-11 11:29,10,Yes,2026-04-12 01:06,13.6,No,,Rubavu Lab
LAB-00079,CON-00241,PAT-00560,CLN-032,Gasabo,Blood Glucose,2026-04-08 03:45,10,Yes,2026-04-09 04:44,25,No,,Huye Lab
LAB-00080,CON-00242,PAT-00560,CLN-031,Gasabo,Malaria RDT,2026-04-10 12:21,10,Yes,2026-04-13 14:51,74.5,Yes,11.7,Huye Lab
LAB-00081,CON-00244,PAT-00407,CLN-016,Gasabo,Blood Glucose,2026-04-27 22:00,13,Yes,2026-04-28 05:08,7.1,Yes,5.4,Rubavu Lab
LAB-00082,CON-00248,PAT-00328,CLN-023,Muhanga,Malaria RDT,2026-03-25 08:53,8,Yes,2026-03-26 18:17,33.4,Yes,9.6,Huye Lab
LAB-00083,CON-00249,PAT-00345,CLN-022,Rwamagana,Blood Glucose,2026-04-29 16:03,13,No,,,,,Rubavu Lab
LAB-00084,CON-00251,PAT-00556,CLN-034,Huye,Malaria RDT,2026-04-15 05:20,11,Yes,2026-04-15 14:02,8.7,Yes,16.5,Huye Lab
LAB-00085,CON-00253,PAT-00764,CLN-016,Nyarugenge,HIV Test,2026-04-29 19:30,13,No,,,,,Kigali Lab
LAB-00086,CON-00255,PAT-00764,CLN-012,Nyarugenge,Urinalysis,2026-04-20 08:34,12,Yes,2026-04-23 01:55,65.4,Yes,16.5,Nyagatare Lab
LAB-00087,CON-00256,PAT-00456,CLN-019,Rwamagana,Malaria RDT,2026-04-20 11:29,12,Yes,2026-04-22 01:04,37.6,Yes,10,Rubavu Lab
LAB-00088,CON-00261,PAT-00174,CLN-008,Gasabo,Blood Glucose,2026-03-20 21:34,7,Yes,2026-03-22 02:38,29.1,Yes,8.1,Rubavu Lab
LAB-00089,CON-00262,PAT-01197,CLN-023,Gasabo,HIV Test,2026-04-13 21:45,11,Yes,2026-04-16 13:25,63.7,Yes,23.5,Kigali Lab
LAB-00090,CON-00263,PAT-01197,CLN-040,Gasabo,Urinalysis,2026-04-26 06:28,13,Yes,2026-04-26 20:02,13.6,No,,Huye Lab
LAB-00091,CON-00264,PAT-00703,CLN-002,Kicukiro,Malaria RDT,2026-03-09 12:57,6,Yes,2026-03-09 17:42,4.8,Yes,7.3,Kigali Lab
LAB-00092,CON-00278,PAT-01057,CLN-018,Rubavu,Full Blood Count,2026-04-14 03:38,11,Yes,2026-04-15 10:41,31.1,Yes,18.8,Kigali Lab
LAB-00093,CON-00282,PAT-00044,CLN-006,Rwamagana,Malaria RDT,2026-04-06 04:00,10,Yes,2026-04-07 16:53,36.9,Yes,22.4,Huye Lab
LAB-00094,CON-00284,PAT-01086,CLN-038,Muhanga,Blood Glucose,2026-04-23 04:28,12,Yes,2026-04-23 17:07,12.7,Yes,3.8,Rubavu Lab
LAB-00095,CON-00287,PAT-01066,CLN-034,Rubavu,Blood Glucose,2026-04-14 14:07,11,Yes,2026-04-15 02:00,11.9,Yes,28.1,Huye Lab
LAB-00096,CON-00290,PAT-00471,CLN-030,Muhanga,Urinalysis,2026-02-10 20:40,2,Yes,2026-02-12 01:30,28.8,Yes,5.8,Nyagatare Lab
LAB-00097,CON-00295,PAT-00954,CLN-029,Karongi,Full Blood Count,2026-04-07 05:15,10,Yes,2026-04-12 17:51,132.6,No,,Huye Lab
LAB-00098,CON-00297,PAT-00550,CLN-040,Gisagara,Liver Function,2026-03-05 13:12,5,Yes,2026-03-05 20:51,7.7,Yes,24.5,Nyagatare Lab
LAB-00099,CON-00299,PAT-00550,CLN-010,Gisagara,Malaria RDT,2026-04-09 19:03,10,Yes,2026-04-14 03:45,104.7,Yes,20.3,Huye Lab
LAB-00100,CON-00301,PAT-00088,CLN-018,Huye,Full Blood Count,2026-03-21 18:31,7,Yes,2026-03-25 19:23,96.9,Yes,6.4,Kigali Lab
LAB-00101,CON-00302,PAT-00178,CLN-016,Gasabo,Blood Glucose,2026-03-24 14:28,8,Yes,2026-03-26 11:44,45.3,No,,Nyagatare Lab
LAB-00102,CON-00306,PAT-00575,CLN-036,Rubavu,Full Blood Count,2026-04-03 13:42,9,Yes,2026-04-06 04:05,62.4,Yes,3.9,Rubavu Lab
LAB-00103,CON-00310,PAT-00778,CLN-028,Rwamagana,Malaria RDT,2026-04-16 21:57,11,Yes,2026-04-19 20:57,71,Yes,11.2,Nyagatare Lab
LAB-00104,CON-00311,PAT-00563,CLN-038,Gasabo,Full Blood Count,2026-02-27 18:08,4,Yes,2026-02-28 08:59,14.9,Yes,1.5,Huye Lab
LAB-00105,CON-00313,PAT-00370,CLN-021,Kicukiro,Urinalysis,2026-04-21 22:10,12,Yes,2026-04-23 14:20,40.2,Yes,25.1,Huye Lab
LAB-00106,CON-00314,PAT-00370,CLN-028,Kicukiro,Malaria RDT,2026-04-20 02:43,12,Yes,2026-04-21 09:51,31.1,Yes,18.5,Nyagatare Lab
LAB-00107,CON-00316,PAT-00922,CLN-018,Gasabo,Blood Glucose,2026-02-27 11:50,4,Yes,2026-02-28 04:56,17.1,Yes,14.8,Nyagatare Lab
LAB-00108,CON-00318,PAT-00878,CLN-024,Kicukiro,Sputum Culture,2026-04-06 06:01,10,Yes,2026-04-07 00:48,18.8,Yes,1.1,Nyagatare Lab
LAB-00109,CON-00319,PAT-00878,CLN-008,Kicukiro,Urinalysis,2026-04-19 07:37,12,Yes,2026-04-19 22:49,15.2,Yes,3.2,Huye Lab
LAB-00110,CON-00326,PAT-01089,CLN-001,Gasabo,Full Blood Count,2026-04-15 04:46,11,Yes,2026-04-15 21:28,16.7,Yes,17.9,Kigali Lab
LAB-00111,CON-00328,PAT-00656,CLN-019,Gasabo,Full Blood Count,2026-04-25 11:29,12,Yes,2026-04-25 16:42,5.2,Yes,15.9,Nyagatare Lab
LAB-00112,CON-00332,PAT-01193,CLN-016,Muhanga,Malaria RDT,2026-04-21 00:01,12,Yes,2026-04-22 16:47,40.8,Yes,12.5,Rubavu Lab
LAB-00113,CON-00334,PAT-00296,CLN-004,Gasabo,Liver Function,2026-04-12 15:44,11,Yes,2026-04-15 05:15,61.5,Yes,4,Huye Lab
LAB-00114,CON-00335,PAT-01045,CLN-035,Rwamagana,Liver Function,2026-03-21 02:01,7,Yes,2026-03-22 07:14,29.2,Yes,20.3,Huye Lab
LAB-00115,CON-00344,PAT-00589,CLN-035,Nyarugenge,Liver Function,2026-04-24 02:54,12,Yes,2026-04-24 07:32,4.6,Yes,1,Kigali Lab
LAB-00116,CON-00351,PAT-00702,CLN-028,Huye,Liver Function,2026-04-16 13:11,11,Yes,2026-04-19 14:59,73.8,Yes,9.5,Rubavu Lab
LAB-00117,CON-00353,PAT-00844,CLN-018,Huye,Blood Glucose,2026-03-14 13:35,6,Yes,2026-03-15 17:24,27.8,Yes,15.6,Nyagatare Lab
LAB-00118,CON-00358,PAT-00544,CLN-024,Gasabo,Liver Function,2026-04-06 16:26,10,Yes,2026-04-08 08:11,39.8,Yes,21,Kigali Lab
LAB-00119,CON-00359,PAT-00100,CLN-012,Rwamagana,Liver Function,2026-03-08 04:24,6,Yes,2026-03-08 21:43,17.3,Yes,15,Rubavu Lab
LAB-00120,CON-00367,PAT-00442,CLN-025,Muhanga,Blood Glucose,2026-04-07 06:30,10,Yes,2026-04-07 14:07,7.6,No,,Nyagatare Lab
LAB-00121,CON-00369,PAT-00908,CLN-041,Nyarugenge,Renal Function,2026-03-18 14:52,7,Yes,2026-03-20 04:39,37.8,Yes,7.8,Rubavu Lab
LAB-00122,CON-00372,PAT-00381,CLN-004,Rwamagana,Full Blood Count,2026-03-25 19:08,8,Yes,2026-03-26 20:16,25.1,Yes,18.3,Nyagatare Lab
LAB-00123,CON-00375,PAT-00474,CLN-033,Gasabo,HIV Test,2026-04-23 22:58,12,Yes,2026-04-26 05:08,54.2,No,,Rubavu Lab
LAB-00124,CON-00376,PAT-00003,CLN-020,Rulindo,Blood Glucose,2026-04-05 03:45,10,Yes,2026-04-08 13:43,82,Yes,8.2,Huye Lab
LAB-00125,CON-00381,PAT-00524,CLN-038,Gisagara,Urinalysis,2026-03-30 11:34,9,Yes,2026-03-31 12:20,24.8,Yes,5.6,Rubavu Lab
LAB-00126,CON-00382,PAT-00260,CLN-035,Nyagatare,Full Blood Count,2026-03-17 02:49,7,Yes,2026-03-17 17:39,14.8,Yes,6,Rubavu Lab
LAB-00127,CON-00384,PAT-00605,CLN-014,Huye,HIV Test,2026-03-09 01:40,6,Yes,2026-03-09 11:49,10.2,Yes,15.2,Kigali Lab
LAB-00128,CON-00386,PAT-00006,CLN-022,Gasabo,Liver Function,2026-04-04 05:58,9,Yes,2026-04-05 09:14,27.3,Yes,14.2,Rubavu Lab
LAB-00129,CON-00392,PAT-01101,CLN-009,Rubavu,Blood Glucose,2026-04-19 11:58,12,Yes,2026-04-19 22:10,10.2,Yes,4.3,Nyagatare Lab
LAB-00130,CON-00393,PAT-01101,CLN-023,Rubavu,Full Blood Count,2026-04-21 21:48,12,Yes,2026-04-23 08:42,34.9,Yes,18.5,Kigali Lab
LAB-00131,CON-00394,PAT-01101,CLN-014,Rubavu,Full Blood Count,2026-03-25 11:10,8,Yes,2026-03-26 14:40,27.5,Yes,23.8,Huye Lab
LAB-00132,CON-00395,PAT-00645,CLN-026,Huye,Urinalysis,2026-04-18 09:11,11,Yes,2026-04-20 05:35,44.4,Yes,16.5,Huye Lab
LAB-00133,CON-00398,PAT-00742,CLN-024,Karongi,Blood Glucose,2026-04-11 09:58,10,Yes,2026-04-11 23:16,13.3,No,,Huye Lab
LAB-00134,CON-00399,PAT-00256,CLN-028,Kicukiro,Malaria RDT,2026-03-28 15:46,8,Yes,2026-03-29 03:45,12,Yes,27.9,Huye Lab
LAB-00135,CON-00405,PAT-00653,CLN-035,Gasabo,Full Blood Count,2026-04-11 04:08,10,Yes,2026-04-11 14:38,10.5,No,,Nyagatare Lab
LAB-00136,CON-00406,PAT-00770,CLN-028,Muhanga,Full Blood Count,2026-04-25 02:06,12,Yes,2026-04-26 14:45,36.7,No,,Rubavu Lab
LAB-00137,CON-00408,PAT-00977,CLN-023,Kicukiro,HIV Test,2026-03-04 11:17,5,Yes,2026-03-04 21:17,10,Yes,8.6,Rubavu Lab
LAB-00138,CON-00409,PAT-00887,CLN-016,Muhanga,Full Blood Count,2026-04-04 05:37,9,Yes,2026-04-05 11:23,29.8,Yes,10.9,Huye Lab
LAB-00139,CON-00412,PAT-00851,CLN-006,Muhanga,Malaria RDT,2026-04-03 18:31,9,Yes,2026-04-05 15:29,45,Yes,12.9,Rubavu Lab
LAB-00140,CON-00415,PAT-00154,CLN-018,Gasabo,Blood Glucose,2026-04-10 00:22,10,Yes,2026-04-10 17:59,17.6,No,,Nyagatare Lab
LAB-00141,CON-00416,PAT-00594,CLN-009,Gasabo,Blood Glucose,2026-04-28 21:42,13,No,,,,,Rubavu Lab
LAB-00142,CON-00417,PAT-00594,CLN-015,Gasabo,Full Blood Count,2026-04-12 18:11,11,Yes,2026-04-14 07:22,37.2,Yes,6.2,Kigali Lab
LAB-00143,CON-00424,PAT-00783,CLN-037,Rwamagana,Liver Function,2026-04-24 16:06,12,Yes,2026-04-26 09:18,41.2,Yes,19.5,Nyagatare Lab
LAB-00144,CON-00430,PAT-00352,CLN-027,Nyarugenge,Renal Function,2026-04-01 14:38,9,Yes,2026-04-03 03:39,37,Yes,3.9,Rubavu Lab
LAB-00145,CON-00439,PAT-00285,CLN-024,Nyagatare,Blood Glucose,2026-03-31 22:29,9,Yes,2026-04-02 01:30,27,Yes,15.6,Nyagatare Lab
LAB-00146,CON-00441,PAT-01030,CLN-005,Kicukiro,Malaria RDT,2026-04-25 08:28,12,Yes,2026-04-25 23:16,14.8,Yes,27.6,Kigali Lab
LAB-00147,CON-00443,PAT-00956,CLN-019,Rubavu,HIV Test,2026-04-04 05:12,9,Yes,2026-04-05 14:05,32.9,Yes,25.2,Nyagatare Lab
LAB-00148,CON-00445,PAT-00720,CLN-038,Gasabo,Blood Glucose,2026-04-20 14:25,12,Yes,2026-04-21 19:04,28.7,Yes,11.8,Rubavu Lab
LAB-00149,CON-00447,PAT-01103,CLN-012,Rwamagana,Malaria RDT,2026-03-26 19:15,8,Yes,2026-03-29 18:21,71.1,Yes,4.7,Nyagatare Lab
LAB-00150,CON-00448,PAT-01103,CLN-008,Rwamagana,Urinalysis,2026-04-08 02:14,10,Yes,2026-04-08 13:21,11.1,No,,Huye Lab
LAB-00151,CON-00452,PAT-00380,CLN-030,Nyarugenge,Urinalysis,2026-04-14 02:02,11,Yes,2026-04-14 19:53,17.9,Yes,16.4,Kigali Lab
LAB-00152,CON-00455,PAT-00884,CLN-039,Nyarugenge,Blood Glucose,2026-03-23 20:58,8,Yes,2026-03-25 15:39,42.7,Yes,11,Nyagatare Lab
LAB-00153,CON-00457,PAT-00008,CLN-017,Muhanga,HIV Test,2026-04-13 00:17,11,Yes,2026-04-13 10:26,10.2,Yes,12.6,Huye Lab
LAB-00154,CON-00458,PAT-00192,CLN-035,Muhanga,Malaria RDT,2026-04-29 12:36,13,No,,,,,Nyagatare Lab
LAB-00155,CON-00459,PAT-00662,CLN-033,Gasabo,Urinalysis,2026-04-11 23:48,10,Yes,2026-04-12 18:03,18.3,Yes,11.9,Nyagatare Lab
LAB-00156,CON-00460,PAT-01111,CLN-012,Rulindo,Blood Glucose,2026-04-04 07:00,9,Yes,2026-04-05 21:45,38.8,No,,Kigali Lab
LAB-00157,CON-00471,PAT-00705,CLN-004,Nyarugenge,Malaria RDT,2026-04-23 05:32,12,Yes,2026-04-23 16:30,11,Yes,11,Huye Lab
LAB-00158,CON-00473,PAT-01121,CLN-038,Muhanga,Full Blood Count,2026-02-23 14:30,4,Yes,2026-02-24 11:07,20.6,Yes,2,Kigali Lab
LAB-00159,CON-00474,PAT-01121,CLN-019,Muhanga,Urinalysis,2026-04-01 13:23,9,Yes,2026-04-03 11:34,46.2,Yes,19.4,Rubavu Lab
LAB-00160,CON-00483,PAT-00542,CLN-026,Karongi,Urinalysis,2026-02-14 02:03,2,Yes,2026-02-15 06:06,28.1,Yes,13.2,Nyagatare Lab
LAB-00161,CON-00484,PAT-00286,CLN-021,Rubavu,Liver Function,2026-04-20 17:53,12,Yes,2026-04-22 12:16,42.4,Yes,22.9,Huye Lab
LAB-00162,CON-00492,PAT-00185,CLN-030,Rwamagana,Malaria RDT,2026-04-07 10:28,10,Yes,2026-04-13 17:09,150.7,No,,Kigali Lab
LAB-00163,CON-00494,PAT-00376,CLN-031,Kicukiro,Malaria RDT,2026-04-12 20:02,11,Yes,2026-04-13 23:38,27.6,Yes,26.3,Rubavu Lab
LAB-00164,CON-00495,PAT-00376,CLN-037,Kicukiro,Urinalysis,2026-03-23 05:16,8,Yes,2026-03-25 23:54,66.6,Yes,15.2,Nyagatare Lab
LAB-00165,CON-00497,PAT-00619,CLN-010,Huye,Malaria RDT,2026-04-18 08:25,11,Yes,2026-04-19 16:39,32.2,Yes,4.1,Nyagatare Lab
LAB-00166,CON-00504,PAT-00674,CLN-017,Nyarugenge,Blood Glucose,2026-04-06 23:34,10,Yes,2026-04-07 14:18,14.7,Yes,16.9,Nyagatare Lab
LAB-00167,CON-00506,PAT-00388,CLN-025,Gasabo,Full Blood Count,2026-04-29 09:54,13,No,,,,,Kigali Lab
LAB-00168,CON-00509,PAT-00527,CLN-008,Rwamagana,Urinalysis,2026-04-18 16:57,11,Yes,2026-04-21 23:14,78.3,Yes,25,Nyagatare Lab
LAB-00169,CON-00513,PAT-00394,CLN-023,Rwamagana,Malaria RDT,2026-04-01 03:08,9,Yes,2026-04-01 12:59,9.9,Yes,20,Huye Lab
LAB-00170,CON-00515,PAT-01010,CLN-034,Rwamagana,Malaria RDT,2026-04-21 18:08,12,Yes,2026-04-21 23:40,5.5,Yes,9.1,Kigali Lab
LAB-00171,CON-00516,PAT-01010,CLN-011,Rwamagana,Urinalysis,2026-04-29 00:43,13,No,,,,,Huye Lab
LAB-00172,CON-00517,PAT-00671,CLN-013,Huye,Sputum Culture,2026-04-25 14:00,12,Yes,2026-04-26 04:34,14.6,Yes,10,Huye Lab
LAB-00173,CON-00518,PAT-00671,CLN-021,Huye,Blood Glucose,2026-04-27 17:15,13,Yes,2026-04-29 15:08,45.9,Yes,12.3,Rubavu Lab
LAB-00174,CON-00520,PAT-00416,CLN-027,Rubavu,Malaria RDT,2026-02-27 11:31,4,Yes,2026-02-27 23:19,11.8,Yes,9.4,Rubavu Lab
LAB-00175,CON-00526,PAT-00213,CLN-027,Gasabo,Full Blood Count,2026-04-27 05:58,13,Yes,2026-04-28 13:19,31.4,Yes,12.1,Kigali Lab
LAB-00176,CON-00527,PAT-00213,CLN-033,Gasabo,Malaria RDT,2026-04-29 18:29,13,No,,,,,Huye Lab
LAB-00177,CON-00529,PAT-00476,CLN-025,Kicukiro,Blood Glucose,2026-04-23 10:59,12,Yes,2026-04-25 01:50,38.9,Yes,11.5,Nyagatare Lab
LAB-00178,CON-00532,PAT-01087,CLN-014,Rwamagana,Full Blood Count,2026-02-27 11:44,4,Yes,2026-02-28 18:20,30.6,Yes,24.1,Kigali Lab
LAB-00179,CON-00534,PAT-00115,CLN-004,Huye,Full Blood Count,2026-04-20 19:49,12,Yes,2026-04-22 02:53,31.1,Yes,5.6,Kigali Lab
LAB-00180,CON-00535,PAT-01126,CLN-021,Nyarugenge,HIV Test,2026-04-16 11:18,11,Yes,2026-04-17 16:13,28.9,Yes,5.1,Kigali Lab
LAB-00181,CON-00536,PAT-01126,CLN-040,Nyarugenge,HIV Test,2026-04-02 01:52,9,Yes,2026-04-02 19:46,17.9,Yes,30,Kigali Lab
LAB-00182,CON-00539,PAT-00225,CLN-021,Rwamagana,Sputum Culture,2026-02-25 08:44,4,Yes,2026-02-25 15:44,7,Yes,29.5,Huye Lab
LAB-00183,CON-00547,PAT-00374,CLN-035,Rwamagana,Malaria RDT,2026-04-21 21:15,12,Yes,2026-04-23 05:45,32.5,Yes,22.9,Huye Lab
LAB-00184,CON-00552,PAT-00181,CLN-022,Gasabo,Blood Glucose,2026-04-26 16:44,13,Yes,2026-04-29 03:59,59.3,Yes,1.7,Huye Lab
LAB-00185,CON-00553,PAT-00932,CLN-040,Rwamagana,Full Blood Count,2026-04-15 03:56,11,Yes,2026-04-15 21:49,17.9,Yes,18.5,Rubavu Lab
LAB-00186,CON-00556,PAT-00171,CLN-025,Muhanga,Sputum Culture,2026-04-27 22:42,13,Yes,2026-04-28 08:35,9.9,Yes,4.2,Kigali Lab
LAB-00187,CON-00557,PAT-00489,CLN-017,Huye,Malaria RDT,2026-04-05 23:02,10,Yes,2026-04-08 15:03,64,No,,Huye Lab
LAB-00188,CON-00560,PAT-00043,CLN-012,Kicukiro,Blood Glucose,2026-03-02 17:41,5,Yes,2026-03-04 07:00,37.3,Yes,14.9,Nyagatare Lab
LAB-00189,CON-00565,PAT-00241,CLN-036,Gasabo,Malaria RDT,2026-03-10 07:11,6,Yes,2026-03-11 03:52,20.7,Yes,8.5,Huye Lab
LAB-00190,CON-00570,PAT-00208,CLN-004,Gasabo,Malaria RDT,2026-04-25 04:58,12,Yes,2026-04-25 21:47,16.8,Yes,12.7,Huye Lab
LAB-00191,CON-00571,PAT-01171,CLN-012,Kicukiro,Renal Function,2026-04-13 16:47,11,Yes,2026-04-18 06:41,109.9,Yes,8.8,Nyagatare Lab
LAB-00192,CON-00573,PAT-01171,CLN-028,Kicukiro,Renal Function,2026-04-27 10:13,13,No,,,,,Nyagatare Lab
LAB-00193,CON-00574,PAT-00177,CLN-015,Muhanga,Blood Glucose,2026-03-11 00:43,6,Yes,2026-03-14 09:37,80.9,Yes,22.1,Huye Lab
LAB-00194,CON-00579,PAT-00574,CLN-032,Nyarugenge,Liver Function,2026-03-10 09:33,6,Yes,2026-03-11 23:02,37.5,Yes,24,Nyagatare Lab
LAB-00195,CON-00580,PAT-00096,CLN-041,Gasabo,Full Blood Count,2026-04-12 17:05,11,Yes,2026-04-14 00:01,30.9,Yes,3.6,Rubavu Lab
LAB-00196,CON-00582,PAT-00830,CLN-035,Huye,HIV Test,2026-04-18 19:49,11,Yes,2026-04-19 00:50,5,Yes,19.2,Huye Lab
LAB-00197,CON-00584,PAT-01092,CLN-007,Gasabo,Full Blood Count,2026-04-07 11:43,10,Yes,2026-04-10 23:35,83.9,No,,Nyagatare Lab
LAB-00198,CON-00589,PAT-01147,CLN-034,Muhanga,Full Blood Count,2026-04-04 09:58,9,Yes,2026-04-09 09:26,119.5,No,,Nyagatare Lab
LAB-00199,CON-00590,PAT-01147,CLN-040,Muhanga,Blood Glucose,2026-02-06 16:41,1,Yes,2026-02-07 07:27,14.8,No,,Rubavu Lab
LAB-00200,CON-00595,PAT-00600,CLN-010,Muhanga,Malaria RDT,2026-02-23 17:35,4,Yes,2026-02-25 10:19,40.7,No,,Rubavu Lab
LAB-00201,CON-00596,PAT-00600,CLN-020,Muhanga,Full Blood Count,2026-03-15 22:01,7,Yes,2026-03-17 06:25,32.4,Yes,24.3,Huye Lab
LAB-00202,CON-00607,PAT-00138,CLN-004,Muhanga,Blood Glucose,2026-04-28 22:17,13,Yes,2026-04-29 16:32,18.3,Yes,28.4,Rubavu Lab
LAB-00203,CON-00608,PAT-00723,CLN-021,Muhanga,Liver Function,2026-04-21 12:14,12,Yes,2026-04-22 04:15,16,Yes,17,Rubavu Lab
LAB-00204,CON-00614,PAT-00672,CLN-021,Nyagatare,Malaria RDT,2026-04-17 13:50,11,Yes,2026-04-18 16:08,26.3,Yes,23.2,Kigali Lab
LAB-00205,CON-00617,PAT-00689,CLN-004,Huye,Liver Function,2026-03-25 02:25,8,Yes,2026-03-25 12:36,10.2,Yes,10.4,Huye Lab
LAB-00206,CON-00625,PAT-00758,CLN-030,Rubavu,Renal Function,2026-04-29 13:47,13,No,,,,,Kigali Lab
LAB-00207,CON-00629,PAT-00424,CLN-013,Gasabo,Urinalysis,2026-03-26 12:52,8,Yes,2026-03-26 21:34,8.7,Yes,19.3,Rubavu Lab
LAB-00208,CON-00630,PAT-00070,CLN-015,Kicukiro,Malaria RDT,2026-04-22 19:13,12,Yes,2026-04-24 04:30,33.3,Yes,6,Kigali Lab
LAB-00209,CON-00631,PAT-00609,CLN-023,Kicukiro,Blood Glucose,2026-04-29 00:08,13,Yes,2026-04-29 06:29,6.4,Yes,3.6,Huye Lab
LAB-00210,CON-00632,PAT-00810,CLN-032,Nyarugenge,Liver Function,2026-03-18 02:17,7,Yes,2026-03-19 07:15,29,Yes,1.9,Rubavu Lab
LAB-00211,CON-00635,PAT-00775,CLN-011,Muhanga,Urinalysis,2026-04-26 12:10,13,Yes,2026-04-27 11:18,23.1,Yes,29.2,Rubavu Lab
LAB-00212,CON-00636,PAT-00327,CLN-030,Rubavu,Urinalysis,2026-04-28 19:45,13,No,,,,,Nyagatare Lab
LAB-00213,CON-00640,PAT-01093,CLN-031,Kicukiro,Renal Function,2026-03-13 09:18,6,Yes,2026-03-13 18:00,8.7,Yes,24.2,Huye Lab
LAB-00214,CON-00642,PAT-01042,CLN-009,Karongi,HIV Test,2026-03-12 05:58,6,Yes,2026-03-12 21:23,15.4,No,,Huye Lab
LAB-00215,CON-00646,PAT-00853,CLN-025,Gasabo,Urinalysis,2026-03-04 06:43,5,Yes,2026-03-05 23:03,40.3,Yes,12.4,Nyagatare Lab
LAB-00216,CON-00648,PAT-00972,CLN-015,Rubavu,Blood Glucose,2026-03-29 23:17,9,Yes,2026-03-31 10:01,34.7,No,,Nyagatare Lab
LAB-00217,CON-00654,PAT-01097,CLN-011,Huye,HIV Test,2026-04-11 19:46,10,Yes,2026-04-13 10:57,39.2,Yes,2.7,Huye Lab
LAB-00218,CON-00655,PAT-01097,CLN-036,Huye,Malaria RDT,2026-04-16 04:56,11,Yes,2026-04-18 03:49,46.9,Yes,9.7,Huye Lab
LAB-00219,CON-00656,PAT-00516,CLN-037,Rubavu,Blood Glucose,2026-04-28 14:10,13,Yes,2026-04-29 06:07,16,Yes,22.9,Huye Lab
LAB-00220,CON-00658,PAT-00107,CLN-034,Huye,Blood Glucose,2026-04-06 00:24,10,Yes,2026-04-09 17:02,88.6,Yes,8.4,Huye Lab
LAB-00221,CON-00659,PAT-00082,CLN-016,Rubavu,Blood Glucose,2026-03-22 01:52,8,Yes,2026-03-23 12:16,34.4,Yes,20.4,Nyagatare Lab
LAB-00222,CON-00662,PAT-00523,CLN-014,Rubavu,Malaria RDT,2026-03-08 11:53,6,Yes,2026-03-08 22:20,10.5,Yes,10.8,Rubavu Lab
LAB-00223,CON-00670,PAT-00692,CLN-040,Huye,HIV Test,2026-03-15 12:59,7,Yes,2026-03-18 12:49,71.8,Yes,25.6,Kigali Lab
LAB-00224,CON-00676,PAT-00590,CLN-037,Karongi,Malaria RDT,2026-03-24 02:16,8,Yes,2026-03-25 20:54,42.6,Yes,6.4,Kigali Lab
LAB-00225,CON-00678,PAT-00776,CLN-018,Nyagatare,Blood Glucose,2026-04-12 12:42,11,Yes,2026-04-13 06:22,17.7,No,,Nyagatare Lab
LAB-00226,CON-00681,PAT-01139,CLN-019,Huye,Urinalysis,2026-04-18 03:33,11,Yes,2026-04-19 11:47,32.2,Yes,30,Huye Lab
LAB-00227,CON-00682,PAT-00917,CLN-021,Rulindo,Blood Glucose,2026-04-16 12:52,11,Yes,2026-04-18 05:18,40.4,Yes,9,Kigali Lab
LAB-00228,CON-00683,PAT-00917,CLN-032,Rulindo,Liver Function,2026-04-29 07:51,13,No,,,,,Kigali Lab
LAB-00229,CON-00685,PAT-00730,CLN-022,Nyarugenge,Full Blood Count,2026-04-12 00:54,11,Yes,2026-04-13 09:35,32.7,Yes,12.3,Huye Lab
LAB-00230,CON-00689,PAT-00218,CLN-007,Kicukiro,HIV Test,2026-04-19 09:20,12,Yes,2026-04-19 15:34,6.2,Yes,19.4,Rubavu Lab
LAB-00231,CON-00694,PAT-00769,CLN-003,Huye,Renal Function,2026-04-26 14:34,13,Yes,2026-04-27 09:33,19,Yes,5.8,Nyagatare Lab
LAB-00232,CON-00695,PAT-00769,CLN-007,Huye,Malaria RDT,2026-04-21 08:00,12,Yes,2026-04-21 18:03,10.1,Yes,28.4,Kigali Lab
LAB-00233,CON-00696,PAT-00803,CLN-006,Gasabo,Full Blood Count,2026-04-15 07:50,11,Yes,2026-04-18 02:45,66.9,Yes,6.9,Nyagatare Lab
LAB-00234,CON-00698,PAT-01110,CLN-009,Rwamagana,Malaria RDT,2026-04-18 09:25,11,Yes,2026-04-18 22:07,12.7,Yes,26,Kigali Lab
LAB-00235,CON-00699,PAT-00202,CLN-035,Nyarugenge,Blood Glucose,2026-04-28 17:23,13,Yes,2026-04-28 22:02,4.7,Yes,29.1,Kigali Lab
LAB-00236,CON-00700,PAT-00202,CLN-011,Nyarugenge,Urinalysis,2026-04-22 13:27,12,Yes,2026-04-23 22:53,33.4,Yes,29,Huye Lab
LAB-00237,CON-00702,PAT-00819,CLN-015,Rulindo,Full Blood Count,2026-04-28 22:47,13,No,,,,,Rubavu Lab
LAB-00238,CON-00707,PAT-00469,CLN-038,Gasabo,HIV Test,2026-04-22 06:02,12,Yes,2026-04-23 16:03,34,Yes,25.6,Rubavu Lab
LAB-00239,CON-00713,PAT-01157,CLN-027,Huye,Malaria RDT,2026-04-17 17:47,11,Yes,2026-04-18 02:51,9.1,Yes,14.9,Kigali Lab
LAB-00240,CON-00719,PAT-00513,CLN-041,Muhanga,HIV Test,2026-04-21 23:03,12,Yes,2026-04-23 18:19,43.3,Yes,19,Huye Lab
LAB-00241,CON-00720,PAT-00900,CLN-037,Karongi,Blood Glucose,2026-03-08 05:52,6,Yes,2026-03-09 23:29,41.6,No,,Nyagatare Lab
LAB-00242,CON-00722,PAT-00505,CLN-019,Gasabo,HIV Test,2026-04-28 19:55,13,No,,,,,Rubavu Lab
LAB-00243,CON-00725,PAT-00114,CLN-039,Nyagatare,Urinalysis,2026-04-02 08:46,9,Yes,2026-04-03 22:22,37.6,Yes,24,Huye Lab
LAB-00244,CON-00730,PAT-00744,CLN-040,Huye,Full Blood Count,2026-02-26 09:39,4,Yes,2026-02-28 18:08,56.5,Yes,15.5,Rubavu Lab
LAB-00245,CON-00732,PAT-00729,CLN-008,Karongi,Full Blood Count,2026-04-28 21:37,13,No,,,,,Nyagatare Lab
LAB-00246,CON-00738,PAT-00652,CLN-029,Nyarugenge,Full Blood Count,2026-03-15 06:45,7,Yes,2026-03-15 14:06,7.4,Yes,18.2,Nyagatare Lab
LAB-00247,CON-00739,PAT-00652,CLN-028,Nyarugenge,Blood Glucose,2026-04-21 05:41,12,Yes,2026-04-21 21:06,15.4,Yes,18.4,Huye Lab
LAB-00248,CON-00744,PAT-00596,CLN-019,Karongi,HIV Test,2026-04-24 03:14,12,Yes,2026-04-25 02:22,23.1,Yes,14.4,Huye Lab
LAB-00249,CON-00745,PAT-00596,CLN-007,Karongi,Malaria RDT,2026-04-22 19:37,12,Yes,2026-04-23 04:05,8.5,Yes,12.1,Rubavu Lab
LAB-00250,CON-00749,PAT-00129,CLN-012,Kicukiro,Sputum Culture,2026-03-18 04:05,7,Yes,2026-03-19 17:11,37.1,Yes,9.9,Huye Lab
LAB-00251,CON-00755,PAT-00512,CLN-009,Gasabo,Malaria RDT,2026-04-26 04:27,13,Yes,2026-04-26 21:43,17.3,Yes,5.7,Huye Lab
LAB-00252,CON-00756,PAT-00849,CLN-030,Rwamagana,HIV Test,2026-03-23 06:40,8,Yes,2026-03-25 19:48,61.1,Yes,16,Rubavu Lab
LAB-00253,CON-00759,PAT-00219,CLN-007,Karongi,Blood Glucose,2026-02-08 01:45,2,Yes,2026-02-08 11:44,10,Yes,28.4,Huye Lab
LAB-00254,CON-00761,PAT-00823,CLN-033,Kicukiro,Full Blood Count,2026-04-02 01:54,9,Yes,2026-04-03 22:25,44.5,Yes,26.9,Nyagatare Lab
LAB-00255,CON-00765,PAT-00928,CLN-015,Gasabo,Urinalysis,2026-04-02 04:59,9,Yes,2026-04-02 10:18,5.3,Yes,20.7,Huye Lab
LAB-00256,CON-00766,PAT-00477,CLN-040,Gasabo,Blood Glucose,2026-04-13 06:38,11,Yes,2026-04-14 02:56,20.3,Yes,28.4,Huye Lab
LAB-00257,CON-00767,PAT-01149,CLN-022,Nyarugenge,Full Blood Count,2026-04-25 00:37,12,Yes,2026-04-27 23:37,71,Yes,8.5,Kigali Lab
LAB-00258,CON-00769,PAT-01149,CLN-002,Nyarugenge,Urinalysis,2026-04-28 13:27,13,No,,,,,Nyagatare Lab
LAB-00259,CON-00771,PAT-00319,CLN-007,Rubavu,Blood Glucose,2026-04-12 10:33,11,Yes,2026-04-13 09:44,23.2,Yes,16.3,Huye Lab
LAB-00260,CON-00774,PAT-00421,CLN-038,Muhanga,Liver Function,2026-03-13 11:33,6,Yes,2026-03-15 00:31,37,Yes,6.1,Huye Lab
LAB-00261,CON-00777,PAT-00920,CLN-001,Karongi,Malaria RDT,2026-02-16 23:40,3,Yes,2026-02-18 00:07,24.5,Yes,15.3,Nyagatare Lab
LAB-00262,CON-00778,PAT-00020,CLN-003,Gasabo,HIV Test,2026-02-28 11:56,4,Yes,2026-02-28 22:52,10.9,Yes,12.7,Huye Lab
LAB-00263,CON-00779,PAT-00004,CLN-032,Kicukiro,Malaria RDT,2026-04-17 23:23,11,Yes,2026-04-18 07:56,8.6,Yes,6.2,Kigali Lab
LAB-00264,CON-00788,PAT-01148,CLN-021,Gasabo,Sputum Culture,2026-04-21 07:06,12,Yes,2026-04-23 02:16,43.2,Yes,13.2,Kigali Lab
LAB-00265,CON-00792,PAT-00311,CLN-012,Kicukiro,Liver Function,2026-04-28 08:58,13,Yes,2026-04-29 22:23,37.4,No,,Nyagatare Lab
LAB-00266,CON-00797,PAT-00362,CLN-031,Musanze,Blood Glucose,2026-04-17 12:34,11,Yes,2026-04-17 17:02,4.5,Yes,14.3,Rubavu Lab
LAB-00267,CON-00802,PAT-01040,CLN-036,Rubavu,Malaria RDT,2026-04-01 21:14,9,Yes,2026-04-03 12:48,39.6,No,,Kigali Lab
LAB-00268,CON-00803,PAT-01040,CLN-002,Rubavu,Renal Function,2026-04-06 07:04,10,Yes,2026-04-06 14:25,7.4,Yes,11.1,Rubavu Lab
LAB-00269,CON-00804,PAT-01040,CLN-011,Rubavu,Full Blood Count,2026-04-18 09:32,11,Yes,2026-04-19 22:00,36.5,Yes,6.2,Kigali Lab
LAB-00270,CON-00807,PAT-00675,CLN-040,Huye,HIV Test,2026-04-26 02:34,13,Yes,2026-04-26 16:20,13.8,Yes,2.7,Nyagatare Lab
LAB-00271,CON-00811,PAT-00839,CLN-032,Nyagatare,HIV Test,2026-04-19 12:05,12,Yes,2026-04-20 12:02,24,Yes,15.2,Rubavu Lab
LAB-00272,CON-00812,PAT-00839,CLN-023,Nyagatare,Urinalysis,2026-04-27 20:35,13,Yes,2026-04-28 22:49,26.2,Yes,29.8,Nyagatare Lab
LAB-00273,CON-00814,PAT-00119,CLN-008,Gasabo,Malaria RDT,2026-04-01 01:53,9,Yes,2026-04-04 07:44,77.9,Yes,18.3,Huye Lab
LAB-00274,CON-00817,PAT-00091,CLN-034,Gasabo,Malaria RDT,2026-02-16 05:21,3,Yes,2026-02-17 01:41,20.3,Yes,9.1,Kigali Lab
LAB-00275,CON-00819,PAT-00762,CLN-024,Gasabo,Malaria RDT,2026-03-09 17:18,6,Yes,2026-03-10 04:12,10.9,No,,Huye Lab
LAB-00276,CON-00820,PAT-00762,CLN-006,Gasabo,Malaria RDT,2026-04-25 12:41,12,Yes,2026-04-27 04:18,39.6,No,,Kigali Lab
LAB-00277,CON-00822,PAT-00356,CLN-020,Nyarugenge,Urinalysis,2026-04-13 19:33,11,Yes,2026-04-15 19:04,47.5,Yes,25.8,Rubavu Lab
LAB-00278,CON-00825,PAT-00190,CLN-037,Nyagatare,HIV Test,2026-04-24 17:46,12,Yes,2026-04-25 06:14,12.5,Yes,13.4,Kigali Lab
LAB-00279,CON-00829,PAT-00548,CLN-019,Karongi,Full Blood Count,2026-04-25 00:54,12,Yes,2026-04-26 13:28,36.6,No,,Rubavu Lab
LAB-00280,CON-00832,PAT-00340,CLN-014,Huye,Liver Function,2026-03-14 21:49,6,Yes,2026-03-15 04:20,6.5,No,,Huye Lab
LAB-00281,CON-00834,PAT-00295,CLN-029,Karongi,Malaria RDT,2026-03-23 16:56,8,Yes,2026-03-24 18:46,25.8,Yes,5.6,Kigali Lab
LAB-00282,CON-00838,PAT-00632,CLN-015,Huye,Full Blood Count,2026-04-12 15:17,11,Yes,2026-04-14 10:57,43.7,Yes,12.5,Kigali Lab
LAB-00283,CON-00840,PAT-00677,CLN-026,Gasabo,Blood Glucose,2026-04-24 12:42,12,Yes,2026-04-28 09:36,92.9,Yes,5.4,Nyagatare Lab
LAB-00284,CON-00842,PAT-00726,CLN-041,Muhanga,Malaria RDT,2026-03-09 18:17,6,Yes,2026-03-11 14:08,43.9,Yes,23.2,Kigali Lab
LAB-00285,CON-00843,PAT-00162,CLN-013,Gasabo,Full Blood Count,2026-04-28 16:12,13,No,,,,,Huye Lab
LAB-00286,CON-00845,PAT-00583,CLN-031,Rwamagana,Urinalysis,2026-04-09 07:47,10,Yes,2026-04-09 16:25,8.6,Yes,8.9,Huye Lab
LAB-00287,CON-00846,PAT-00583,CLN-015,Rwamagana,Urinalysis,2026-03-29 15:36,9,Yes,2026-04-01 07:55,64.3,Yes,18.1,Huye Lab
LAB-00288,CON-00847,PAT-00583,CLN-029,Rwamagana,Full Blood Count,2026-04-18 15:07,11,Yes,2026-04-19 00:41,9.6,No,,Huye Lab
LAB-00289,CON-00852,PAT-00462,CLN-011,Gasabo,Renal Function,2026-04-25 21:24,12,No,,,,,Rubavu Lab
LAB-00290,CON-00855,PAT-00436,CLN-031,Gasabo,Full Blood Count,2026-03-21 10:39,7,Yes,2026-03-24 00:51,62.2,Yes,18.1,Nyagatare Lab
LAB-00291,CON-00861,PAT-01003,CLN-038,Nyarugenge,Blood Glucose,2026-04-25 13:15,12,Yes,2026-04-27 00:46,35.5,No,,Rubavu Lab
LAB-00292,CON-00863,PAT-00325,CLN-012,Rubavu,HIV Test,2026-04-26 06:55,13,Yes,2026-04-27 02:43,19.8,Yes,23.5,Nyagatare Lab
LAB-00293,CON-00866,PAT-00545,CLN-041,Gasabo,Blood Glucose,2026-04-07 16:54,10,Yes,2026-04-11 04:39,83.8,No,,Huye Lab
LAB-00294,CON-00871,PAT-01160,CLN-039,Huye,Blood Glucose,2026-03-14 08:44,6,Yes,2026-03-15 05:09,20.4,Yes,26.2,Kigali Lab
LAB-00295,CON-00882,PAT-01114,CLN-024,Huye,Malaria RDT,2026-04-01 08:03,9,Yes,2026-04-02 21:30,37.5,No,,Huye Lab
LAB-00296,CON-00887,PAT-00494,CLN-007,Gisagara,Full Blood Count,2026-03-12 22:18,6,Yes,2026-03-14 04:26,30.1,Yes,25.1,Nyagatare Lab
LAB-00297,CON-00889,PAT-00494,CLN-019,Gisagara,Blood Glucose,2026-02-22 15:28,4,Yes,2026-02-25 13:35,70.1,Yes,17.8,Nyagatare Lab
LAB-00298,CON-00890,PAT-00765,CLN-034,Rubavu,Malaria RDT,2026-04-28 01:19,13,Yes,2026-04-29 18:05,40.8,Yes,22.4,Kigali Lab
LAB-00299,CON-00891,PAT-00399,CLN-034,Rubavu,Malaria RDT,2026-04-23 03:37,12,Yes,2026-04-24 17:11,37.6,Yes,3.7,Huye Lab
LAB-00300,CON-00892,PAT-00027,CLN-014,Rulindo,Malaria RDT,2026-04-12 19:47,11,Yes,2026-04-13 01:50,6.1,Yes,2.1,Nyagatare Lab
LAB-00301,CON-00896,PAT-00949,CLN-027,Nyagatare,Malaria RDT,2026-04-19 05:49,12,Yes,2026-04-20 15:57,34.1,Yes,4.8,Rubavu Lab
LAB-00302,CON-00897,PAT-00949,CLN-041,Nyagatare,Full Blood Count,2026-04-25 22:14,12,Yes,2026-04-27 19:33,45.3,Yes,8.9,Kigali Lab
LAB-00303,CON-00899,PAT-00503,CLN-034,Huye,Malaria RDT,2026-04-10 23:30,10,Yes,2026-04-17 22:17,166.8,No,,Kigali Lab
LAB-00304,CON-00900,PAT-00503,CLN-027,Huye,Renal Function,2026-04-11 18:17,10,Yes,2026-04-13 02:12,31.9,Yes,6.8,Kigali Lab
LAB-00305,CON-00901,PAT-00667,CLN-027,Kicukiro,Blood Glucose,2026-04-20 09:26,12,Yes,2026-04-22 01:23,40,Yes,20.1,Nyagatare Lab
LAB-00306,CON-00903,PAT-00054,CLN-016,Rwamagana,Full Blood Count,2026-04-25 02:18,12,Yes,2026-04-28 00:25,70.1,Yes,8.3,Rubavu Lab
LAB-00307,CON-00919,PAT-01169,CLN-013,Rwamagana,Full Blood Count,2026-02-28 00:04,4,Yes,2026-02-28 04:56,4.9,Yes,6,Huye Lab
LAB-00308,CON-00920,PAT-00023,CLN-027,Gasabo,Malaria RDT,2026-03-15 07:37,7,Yes,2026-03-16 12:16,28.7,Yes,5.9,Rubavu Lab
LAB-00309,CON-00921,PAT-00023,CLN-002,Gasabo,HIV Test,2026-04-19 13:19,12,Yes,2026-04-21 04:20,39,Yes,29.9,Huye Lab
LAB-00310,CON-00923,PAT-00163,CLN-009,Rwamagana,Blood Glucose,2026-04-18 12:10,11,Yes,2026-04-19 15:45,27.6,Yes,17.5,Rubavu Lab
LAB-00311,CON-00927,PAT-01158,CLN-001,Rubavu,Full Blood Count,2026-04-23 15:05,12,Yes,2026-04-27 22:46,103.7,Yes,10.8,Rubavu Lab
LAB-00312,CON-00934,PAT-00861,CLN-029,Gasabo,Urinalysis,2026-04-17 06:37,11,Yes,2026-04-20 01:33,66.9,Yes,23.6,Nyagatare Lab
LAB-00313,CON-00939,PAT-00832,CLN-034,Nyarugenge,Blood Glucose,2026-03-30 13:43,9,Yes,2026-04-01 06:57,41.2,Yes,28.7,Rubavu Lab
LAB-00314,CON-00941,PAT-00639,CLN-001,Kicukiro,Blood Glucose,2026-04-04 12:53,9,Yes,2026-04-05 09:23,20.5,Yes,26.5,Rubavu Lab
LAB-00315,CON-00947,PAT-01095,CLN-026,Karongi,Liver Function,2026-03-21 20:46,7,Yes,2026-03-24 07:03,58.3,Yes,11.7,Rubavu Lab
LAB-00316,CON-00950,PAT-00210,CLN-035,Gasabo,Blood Glucose,2026-04-21 14:56,12,Yes,2026-04-22 17:42,26.8,Yes,27.8,Huye Lab
LAB-00317,CON-00951,PAT-00210,CLN-015,Gasabo,Malaria RDT,2026-04-24 05:10,12,Yes,2026-04-25 19:21,38.2,Yes,17.3,Kigali Lab
LAB-00318,CON-00952,PAT-00021,CLN-008,Gasabo,Malaria RDT,2026-04-25 21:19,12,Yes,2026-04-28 18:36,69.3,Yes,8.2,Rubavu Lab
LAB-00319,CON-00954,PAT-00631,CLN-011,Rubavu,Malaria RDT,2026-04-15 23:00,11,Yes,2026-04-16 04:11,5.2,Yes,14.7,Kigali Lab
LAB-00320,CON-00955,PAT-00631,CLN-017,Rubavu,Malaria RDT,2026-04-10 13:06,10,Yes,2026-04-13 09:52,68.8,No,,Rubavu Lab
LAB-00321,CON-00964,PAT-00354,CLN-040,Kicukiro,Urinalysis,2026-04-20 22:43,12,Yes,2026-04-21 21:40,23,Yes,2.4,Nyagatare Lab
LAB-00322,CON-00967,PAT-00283,CLN-001,Nyarugenge,Malaria RDT,2026-04-01 21:54,9,Yes,2026-04-03 07:48,33.9,Yes,22.9,Nyagatare Lab
LAB-00323,CON-00968,PAT-01038,CLN-037,Muhanga,HIV Test,2026-04-22 08:02,12,Yes,2026-04-24 23:41,63.7,Yes,17.6,Huye Lab
LAB-00324,CON-00974,PAT-00053,CLN-015,Rubavu,Urinalysis,2026-04-26 17:15,13,Yes,2026-04-27 21:56,28.7,Yes,22,Kigali Lab
LAB-00325,CON-00983,PAT-00852,CLN-023,Kicukiro,Malaria RDT,2026-03-08 10:00,6,Yes,2026-03-10 06:57,45,No,,Huye Lab
LAB-00326,CON-00985,PAT-00879,CLN-034,Rubavu,Full Blood Count,2026-04-22 23:09,12,Yes,2026-04-24 08:45,33.6,Yes,5.5,Rubavu Lab
LAB-00327,CON-00992,PAT-00621,CLN-015,Nyarugenge,Malaria RDT,2026-04-17 11:07,11,Yes,2026-04-20 09:19,70.2,Yes,8.6,Nyagatare Lab
LAB-00328,CON-00994,PAT-01130,CLN-020,Rulindo,Malaria RDT,2026-04-13 21:23,11,Yes,2026-04-15 07:59,34.6,No,,Huye Lab
LAB-00329,CON-00997,PAT-01165,CLN-034,Karongi,Sputum Culture,2026-03-30 09:04,9,Yes,2026-03-31 15:31,30.5,Yes,13.1,Kigali Lab
LAB-00330,CON-00999,PAT-01165,CLN-034,Karongi,Malaria RDT,2026-03-31 08:41,9,Yes,2026-04-01 03:38,19,No,,Huye Lab
LAB-00331,CON-01001,PAT-00850,CLN-041,Nyarugenge,Full Blood Count,2026-04-13 06:49,11,Yes,2026-04-14 09:22,26.6,Yes,5.3,Kigali Lab
LAB-00332,CON-01003,PAT-00850,CLN-030,Nyarugenge,Full Blood Count,2026-04-22 00:22,12,Yes,2026-04-22 22:35,22.2,Yes,19.6,Huye Lab
LAB-00333,CON-01007,PAT-00848,CLN-007,Rubavu,Urinalysis,2026-02-28 14:54,4,Yes,2026-03-01 20:24,29.5,Yes,25.7,Huye Lab
LAB-00334,CON-01010,PAT-00284,CLN-022,Rubavu,Malaria RDT,2026-04-24 17:18,12,Yes,2026-04-26 14:38,45.3,Yes,5.5,Rubavu Lab
LAB-00335,CON-01012,PAT-00284,CLN-037,Rubavu,Liver Function,2026-04-06 01:37,10,Yes,2026-04-09 02:44,73.1,No,,Kigali Lab
LAB-00336,CON-01024,PAT-00155,CLN-006,Rubavu,Liver Function,2026-04-18 03:11,11,Yes,2026-04-18 20:12,17,Yes,25.7,Nyagatare Lab
LAB-00337,CON-01025,PAT-00155,CLN-030,Rubavu,Full Blood Count,2026-04-27 00:54,13,Yes,2026-04-28 06:23,29.5,Yes,9,Kigali Lab
LAB-00338,CON-01027,PAT-00188,CLN-029,Karongi,Malaria RDT,2026-03-10 02:22,6,Yes,2026-03-12 19:07,64.8,Yes,4.2,Nyagatare Lab
LAB-00339,CON-01028,PAT-00188,CLN-003,Karongi,Malaria RDT,2026-03-27 18:51,8,Yes,2026-03-28 23:22,28.5,Yes,2.6,Huye Lab
LAB-00340,CON-01030,PAT-00498,CLN-034,Rulindo,Urinalysis,2026-04-03 17:10,9,Yes,2026-04-05 11:59,42.8,Yes,19.9,Rubavu Lab
LAB-00341,CON-01031,PAT-01132,CLN-013,Nyarugenge,Full Blood Count,2026-04-26 10:03,13,Yes,2026-04-28 02:11,40.1,Yes,9.6,Huye Lab
LAB-00342,CON-01033,PAT-00812,CLN-023,Gasabo,Urinalysis,2026-04-22 11:18,12,Yes,2026-04-23 07:45,20.5,No,,Huye Lab
LAB-00343,CON-01034,PAT-00812,CLN-010,Gasabo,Malaria RDT,2026-04-10 21:07,10,Yes,2026-04-11 10:47,13.7,No,,Kigali Lab
LAB-00344,CON-01036,PAT-00918,CLN-004,Rubavu,Blood Glucose,2026-04-23 16:41,12,Yes,2026-04-25 06:10,37.5,Yes,4.9,Rubavu Lab
LAB-00345,CON-01037,PAT-00009,CLN-028,Kicukiro,Blood Glucose,2026-03-10 06:56,6,Yes,2026-03-11 17:39,34.7,Yes,13.7,Rubavu Lab
LAB-00346,CON-01039,PAT-00968,CLN-003,Karongi,Malaria RDT,2026-04-25 11:08,12,Yes,2026-04-27 21:20,58.2,No,,Huye Lab
LAB-00347,CON-01040,PAT-00968,CLN-029,Karongi,Liver Function,2026-04-29 18:21,13,No,,,,,Nyagatare Lab
LAB-00348,CON-01042,PAT-00558,CLN-017,Nyarugenge,Sputum Culture,2026-03-23 06:54,8,Yes,2026-03-25 05:10,46.3,Yes,23.5,Nyagatare Lab
LAB-00349,CON-01043,PAT-00558,CLN-003,Nyarugenge,Malaria RDT,2026-03-21 21:45,7,Yes,2026-03-26 13:07,111.4,Yes,20.3,Huye Lab
LAB-00350,CON-01044,PAT-00805,CLN-032,Rubavu,Malaria RDT,2026-04-06 08:50,10,Yes,2026-04-07 01:36,16.8,Yes,19,Kigali Lab
LAB-00351,CON-01045,PAT-00377,CLN-004,Gasabo,Blood Glucose,2026-04-15 09:08,11,Yes,2026-04-17 07:39,46.5,Yes,11,Huye Lab
LAB-00352,CON-01046,PAT-00377,CLN-022,Gasabo,Urinalysis,2026-02-28 06:02,4,Yes,2026-03-01 20:50,38.8,Yes,14.8,Nyagatare Lab
LAB-00353,CON-01051,PAT-00773,CLN-038,Karongi,Full Blood Count,2026-04-19 13:46,12,Yes,2026-04-20 10:08,20.4,Yes,6,Rubavu Lab
LAB-00354,CON-01056,PAT-00757,CLN-003,Kicukiro,Malaria RDT,2026-02-21 17:04,3,Yes,2026-02-22 20:17,27.2,No,,Nyagatare Lab
LAB-00355,CON-01057,PAT-00371,CLN-039,Karongi,Malaria RDT,2026-04-05 08:25,10,Yes,2026-04-07 23:23,63,Yes,12.6,Kigali Lab
LAB-00356,CON-01059,PAT-00510,CLN-018,Rwamagana,Urinalysis,2026-04-06 10:34,10,Yes,2026-04-11 07:44,117.2,Yes,9.7,Kigali Lab
LAB-00357,CON-01065,PAT-01069,CLN-016,Gasabo,Malaria RDT,2026-03-11 03:00,6,Yes,2026-03-12 10:57,32,Yes,19.7,Nyagatare Lab
LAB-00358,CON-01068,PAT-00680,CLN-033,Nyagatare,Urinalysis,2026-04-06 03:12,10,Yes,2026-04-07 13:13,34,No,,Huye Lab
LAB-00359,CON-01069,PAT-00950,CLN-034,Rwamagana,Malaria RDT,2026-03-26 13:39,8,Yes,2026-03-27 08:28,18.8,Yes,18.7,Kigali Lab
LAB-00360,CON-01070,PAT-00602,CLN-017,Rulindo,Blood Glucose,2026-04-16 14:58,11,Yes,2026-04-18 10:49,43.9,No,,Kigali Lab
LAB-00361,CON-01071,PAT-00184,CLN-039,Rubavu,Liver Function,2026-04-19 06:30,12,Yes,2026-04-20 04:12,21.7,Yes,19.2,Kigali Lab
LAB-00362,CON-01076,PAT-00872,CLN-036,Kicukiro,Full Blood Count,2026-04-21 01:59,12,Yes,2026-04-22 07:08,29.2,No,,Rubavu Lab
LAB-00363,CON-01078,PAT-01118,CLN-016,Rubavu,Malaria RDT,2026-04-25 02:07,12,Yes,2026-04-26 23:26,45.3,Yes,3.1,Huye Lab
LAB-00364,CON-01079,PAT-01118,CLN-036,Rubavu,Full Blood Count,2026-03-17 20:23,7,Yes,2026-03-19 13:48,41.4,Yes,5.9,Nyagatare Lab
LAB-00365,CON-01082,PAT-00813,CLN-029,Huye,Malaria RDT,2026-04-27 04:46,13,Yes,2026-04-28 10:05,29.3,Yes,19,Kigali Lab
LAB-00366,CON-01084,PAT-00813,CLN-039,Huye,Full Blood Count,2026-04-28 00:17,13,Yes,2026-04-28 12:47,12.5,Yes,25.7,Rubavu Lab
LAB-00367,CON-01087,PAT-00571,CLN-017,Karongi,Full Blood Count,2026-03-12 01:02,6,Yes,2026-03-12 05:02,4,No,,Nyagatare Lab
LAB-00368,CON-01093,PAT-00755,CLN-040,Rwamagana,Renal Function,2026-04-15 05:10,11,Yes,2026-04-15 09:23,4.2,Yes,3.1,Nyagatare Lab
LAB-00369,CON-01095,PAT-00755,CLN-040,Rwamagana,Sputum Culture,2026-04-02 00:36,9,Yes,2026-04-03 10:52,34.3,Yes,28.9,Huye Lab
LAB-00370,CON-01098,PAT-00180,CLN-009,Gisagara,Malaria RDT,2026-04-24 23:39,12,Yes,2026-04-25 19:07,19.5,Yes,24,Kigali Lab
LAB-00371,CON-01101,PAT-00247,CLN-040,Gasabo,Malaria RDT,2026-04-13 00:39,11,Yes,2026-04-14 13:03,36.4,Yes,24.2,Nyagatare Lab
LAB-00372,CON-01109,PAT-00227,CLN-017,Muhanga,Full Blood Count,2026-04-23 05:13,12,Yes,2026-04-24 06:01,24.8,Yes,1.4,Rubavu Lab
LAB-00373,CON-01110,PAT-00227,CLN-038,Muhanga,Blood Glucose,2026-04-22 12:27,12,Yes,2026-04-23 16:11,27.7,No,,Huye Lab
,,,,,,,,,,,,,
,,,,,,,,,,,,,
,,,,,,,,,,,,,
,,,,,,,,,,,,,
,,,,,,,,,,,,,
,,,,,,,,,,,,,
,,,,,,,,,,,,,
,,,,,,,,,,,,,
,,,,,,,,,,,,,
,,,,,,,,,,,,,
,,,,,,,,,,,,,
,,,,,,,,,,,,,
,,,,,,,,,,,,,
,,,,,,,,,,,,,
,,,,,,,,,,,,,
,,,,,,,,,,,,,
,,,,,,,,,,,,,
,,,,,,,,,,,,,
,,,,,,,,,,,,,
,,,,,,,,,,,,,
,,,,,,,,,,,,,
,,,,,,,,,,,,,
,,,,,,,,,,,,,
,,,,,,,,,,,,,
,,,,,,,,,,,,,
,,,,,,,,,,,,,
,,,,,,,,,,,,,
,,,,,,,,,,,,,
,,,,,,,,,,,,,
,,,,,,,,,,,,,
,,,,,,,,,,,,,
,,,,,,,,,,,,,
,,,,,,,,,,,,,
,,,,,,,,,,,,,
,,,,,,,,,,,,,
,,,,,,,,,,,,,
,,,,,,,,,,,,,
,,,,,,,,,,,,,
,,,,,,,,,,,,,
,,,,,,,,,,,,,
,,,,,,,,,,,,,
,,,,,,,,,,,,,
,,,,,,,,,,,,,
,,,,,,,,,,,,,
,,,,,,,,,,,,,
,,,,,,,,,,,,,
,,,,,,,,,,,,,
,,,,,,,,,,,,,
,,,,,,,,,,,,,
,,,,,,,,,,,,,
,,,,,,,,,,,,,
,,,,,,,,,,,,,
,,,,,,,,,,,,,
,,,,,,,,,,,,,
,,,,,,,,,,,,,
,,,,,,,,,,,,,
,,,,,,,,,,,,,
,,,,,,,,,,,,,
,,,,,,,,,,,,,
,,,,,,,,,,,,,
,,,,,,,,,,,,,
,,,,,,,,,,,,,
,,,,,,,,,,,,,
,,,,,,,,,,,,,
,,,,,,,,,,,,,
,,,,,,,,,,,,,
,,,,,,,,,,,,,
,,,,,,,,,,,,,
,,,,,,,,,,,,,
,,,,,,,,,,,,,
,,,,,,,,,,,,,
,,,,,,,,,,,,,
,,,,,,,,,,,,,
,,,,,,,,,,,,,
,,,,,,,,,,,,,
,,,,,,,,,,,,,
,,,,,,,,,,,,,
,,,,,,,,,,,,,
,,,,,,,,,,,,,
,,,,,,,,,,,,,
,,,,,,,,,,,,,
,,,,,,,,,,,,,
,,,,,,,,,,,,,
,,,,,,,,,,,,,
,,,,,,,,,,,,,
,,,,,,,,,,,,,
,,,,,,,,,,,,,
,,,,,,,,,,,,,
,,,,,,,,,,,,,
,,,,,,,,,,,,,
,,,,,,,,,,,,,
,,,,,,,,,,,,,
,,,,,,,,,,,,,
,,,,,,,,,,,,,
,,,,,,,,,,,,,
,,,,,,,,,,,,,
,,,,,,,,,,,,,
,,,,,,,,,,,,,
,,,,,,,,,,,,,
,,,,,,,,,,,,,
,,,,,,,,,,,,,
,,,,,,,,,,,,,
,,,,,,,,,,,,,
,,,,,,,,,,,,,
,,,,,,,,,,,,,
,,,,,,,,,,,,,
,,,,,,,,,,,,,
,,,,,,,,,,,,,
,,,,,,,,,,,,,
,,,,,,,,,,,,,
,,,,,,,,,,,,,
,,,,,,,,,,,,,
,,,,,,,,,,,,,
,,,,,,,,,,,,,
,,,,,,,,,,,,,
,,,,,,,,,,,,,
,,,,,,,,,,,,,
,,,,,,,,,,,,,
,,,,,,,,,,,,,
,,,,,,,,,,,,,
,,,,,,,,,,,,,
,,,,,,,,,,,,,
,,,,,,,,,,,,,
,,,,,,,,,,,,,
,,,,,,,,,,,,,
,,,,,,,,,,,,,
,,,,,,,,,,,,,
,,,,,,,,,,,,,
,,,,,,,,,,,,,
,,,,,,,,,,,,,
,,,,,,,,,,,,,
,,,,,,,,,,,,,
,,,,,,,,,,,,,
,,,,,,,,,,,,,
,,,,,,,,,,,,,
,,,,,,,,,,,,,
,,,,,,,,,,,,,
,,,,,,,,,,,,,
,,,,,,,,,,,,,
,,,,,,,,,,,,,
,,,,,,,,,,,,,
,,,,,,,,,,,,,
,,,,,,,,,,,,,
,,,,,,,,,,,,,
,,,,,,,,,,,,,
,,,,,,,,,,,,,
,,,,,,,,,,,,,
,,,,,,,,,,,,,
,,,,,,,,,,,,,
,,,,,,,,,,,,,
,,,,,,,,,,,,,
,,,,,,,,,,,,,
,,,,,,,,,,,,,
,,,,,,,,,,,,,
,,,,,,,,,,,,,
,,,,,,,,,,,,,
,,,,,,,,,,,,,
,,,,,,,,,,,,,
,,,,,,,,,,,,,
,,,,,,,,,,,,,
,,,,,,,,,,,,,
,,,,,,,,,,,,,
,,,,,,,,,,,,,
,,,,,,,,,,,,,
,,,,,,,,,,,,,
,,,,,,,,,,,,,
,,,,,,,,,,,,,
,,,,,,,,,,,,,
,,,,,,,,,,,,,
,,,,,,,,,,,,,
,,,,,,,,,,,,,
,,,,,,,,,,,,,
,,,,,,,,,,,,,
,,,,,,,,,,,,,
,,,,,,,,,,,,,
,,,,,,,,,,,,,
,,,,,,,,,,,,,
,,,,,,,,,,,,,
,,,,,,,,,,,,,
,,,,,,,,,,,,,
,,,,,,,,,,,,,
,,,,,,,,,,,,,
,,,,,,,,,,,,,
,,,,,,,,,,,,,
,,,,,,,,,,,,,
,,,,,,,,,,,,,
,,,,,,,,,,,,,
,,,,,,,,,,,,,
,,,,,,,,,,,,,
,,,,,,,,,,,,,
,,,,,,,,,,,,,
,,,,,,,,,,,,,
,,,,,,,,,,,,,
,,,,,,,,,,,,,
,,,,,,,,,,,,,
,,,,,,,,,,,,,
,,,,,,,,,,,,,
,,,,,,,,,,,,,
,,,,,,,,,,,,,
,,,,,,,,,,,,,
,,,,,,,,,,,,,
,,,,,,,,,,,,,
,,,,,,,,,,,,,
,,,,,,,,,,,,,
,,,,,,,,,,,,,
,,,,,,,,,,,,,
,,,,,,,,,,,,,
,,,,,,,,,,,,,
,,,,,,,,,,,,,
,,,,,,,,,,,,,
,,,,,,,,,,,,,
,,,,,,,,,,,,,
,,,,,,,,,,,,,
,,,,,,,,,,,,,
,,,,,,,,,,,,,
,,,,,,,,,,,,,
,,,,,,,,,,,,,
,,,,,,,,,,,,,
,,,,,,,,,,,,,
,,,,,,,,,,,,,
,,,,,,,,,,,,,
,,,,,,,,,,,,,
,,,,,,,,,,,,,
,,,,,,,,,,,,,
,,,,,,,,,,,,,
,,,,,,,,,,,,,
,,,,,,,,,,,,,
,,,,,,,,,,,,,
,,,,,,,,,,,,,
,,,,,,,,,,,,,
,,,,,,,,,,,,,
,,,,,,,,,,,,,
,,,,,,,,,,,,,
,,,,,,,,,,,,,
,,,,,,,,,,,,,
,,,,,,,,,,,,,
,,,,,,,,,,,,,
,,,,,,,,,,,,,
,,,,,,,,,,,,,
,,,,,,,,,,,,,
,,,,,,,,,,,,,
,,,,,,,,,,,,,
,,,,,,,,,,,,,
,,,,,,,,,,,,,
,,,,,,,,,,,,,
,,,,,,,,,,,,,
,,,,,,,,,,,,,
,,,,,,,,,,,,,
,,,,,,,,,,,,,
,,,,,,,,,,,,,
,,,,,,,,,,,,,
,,,,,,,,,,,,,
,,,,,,,,,,,,,
,,,,,,,,,,,,,
,,,,,,,,,,,,,
,,,,,,,,,,,,,
,,,,,,,,,,,,,
,,,,,,,,,,,,,
,,,,,,,,,,,,,
,,,,,,,,,,,,,
,,,,,,,,,,,,,
,,,,,,,,,,,,,
,,,,,,,,,,,,,
,,,,,,,,,,,,,
,,,,,,,,,,,,,
,,,,,,,,,,,,,
,,,,,,,,,,,,,
,,,,,,,,,,,,,
,,,,,,,,,,,,,
,,,,,,,,,,,,,
,,,,,,,,,,,,,
,,,,,,,,,,,,,
,,,,,,,,,,,,,
,,,,,,,,,,,,,
,,,,,,,,,,,,,
,,,,,,,,,,,,,
,,,,,,,,,,,,,
,,,,,,,,,,,,,
,,,,,,,,,,,,,
,,,,,,,,,,,,,
,,,,,,,,,,,,,
,,,,,,,,,,,,,
,,,,,,,,,,,,,
,,,,,,,,,,,,,
,,,,,,,,,,,,,
,,,,,,,,,,,,,
,,,,,,,,,,,,,
,,,,,,,,,,,,,
,,,,,,,,,,,,,
,,,,,,,,,,,,,
,,,,,,,,,,,,,
,,,,,,,,,,,,,
,,,,,,,,,,,,,
,,,,,,,,,,,,,
,,,,,,,,,,,,,
,,,,,,,,,,,,,
,,,,,,,,,,,,,
,,,,,,,,,,,,,
,,,,,,,,,,,,,
,,,,,,,,,,,,,
,,,,,,,,,,,,,
,,,,,,,,,,,,,
,,,,,,,,,,,,,
,,,,,,,,,,,,,
,,,,,,,,,,,,,
,,,,,,,,,,,,,
,,,,,,,,,,,,,
,,,,,,,,,,,,,
,,,,,,,,,,,,,
,,,,,,,,,,,,,
,,,,,,,,,,,,,
,,,,,,,,,,,,,
,,,,,,,,,,,,,
,,,,,,,,,,,,,
,,,,,,,,,,,,,
,,,,,,,,,,,,,
,,,,,,,,,,,,,
,,,,,,,,,,,,,
,,,,,,,,,,,,,
,,,,,,,,,,,,,
,,,,,,,,,,,,,
,,,,,,,,,,,,,
,,,,,,,,,,,,,
,,,,,,,,,,,,,
,,,,,,,,,,,,,
,,,,,,,,,,,,,
,,,,,,,,,,,,,
,,,,,,,,,,,,,
,,,,,,,,,,,,,
,,,,,,,,,,,,,
,,,,,,,,,,,,,
,,,,,,,,,,,,,
,,,,,,,,,,,,,
,,,,,,,,,,,,,
,,,,,,,,,,,,,
,,,,,,,,,,,,,
,,,,,,,,,,,,,
,,,,,,,,,,,,,
,,,,,,,,,,,,,
,,,,,,,,,,,,,
,,,,,,,,,,,,,
,,,,,,,,,,,,,
,,,,,,,,,,,,,
,,,,,,,,,,,,,
,,,,,,,,,,,,,
,,,,,,,,,,,,,
,,,,,,,,,,,,,
,,,,,,,,,,,,,
,,,,,,,,,,,,,
,,,,,,,,,,,,,
,,,,,,,,,,,,,
,,,,,,,,,,,,,
,,,,,,,,,,,,,
,,,,,,,,,,,,,
,,,,,,,,,,,,,
,,,,,,,,,,,,,
,,,,,,,,,,,,,
,,,,,,,,,,,,,
,,,,,,,,,,,,,
,,,,,,,,,,,,,
,,,,,,,,,,,,,
,,,,,,,,,,,,,
,,,,,,,,,,,,,
,,,,,,,,,,,,,
,,,,,,,,,,,,,
,,,,,,,,,,,,,
,,,,,,,,,,,,,
,,,,,,,,,,,,,
,,,,,,,,,,,,,
,,,,,,,,,,,,,
,,,,,,,,,,,,,
,,,,,,,,,,,,,
,,,,,,,,,,,,,
,,,,,,,,,,,,,
,,,,,,,,,,,,,
,,,,,,,,,,,,,
,,,,,,,,,,,,,
,,,,,,,,,,,,,
,,,,,,,,,,,,,
,,,,,,,,,,,,,
,,,,,,,,,,,,,
,,,,,,,,,,,,,
,,,,,,,,,,,,,
,,,,,,,,,,,,,
,,,,,,,,,,,,,
,,,,,,,,,,,,,
,,,,,,,,,,,,,
,,,,,,,,,,,,,
,,,,,,,,,,,,,
,,,,,,,,,,,,,
,,,,,,,,,,,,,
,,,,,,,,,,,,,
,,,,,,,,,,,,,
,,,,,,,,,,,,,
,,,,,,,,,,,,,
,,,,,,,,,,,,,
,,,,,,,,,,,,,
,,,,,,,,,,,,,
,,,,,,,,,,,,,
,,,,,,,,,,,,,
,,,,,,,,,,,,,
,,,,,,,,,,,,,
,,,,,,,,,,,,,
,,,,,,,,,,,,,
,,,,,,,,,,,,,
,,,,,,,,,,,,,
,,,,,,,,,,,,,
,,,,,,,,,,,,,
,,,,,,,,,,,,,
,,,,,,,,,,,,,
,,,,,,,,,,,,,
,,,,,,,,,,,,,
,,,,,,,,,,,,,
,,,,,,,,,,,,,
,,,,,,,,,,,,,
,,,,,,,,,,,,,
,,,,,,,,,,,,,
,,,,,,,,,,,,,
,,,,,,,,,,,,,
,,,,,,,,,,,,,
,,,,,,,,,,,,,
,,,,,,,,,,,,,
,,,,,,,,,,,,,
,,,,,,,,,,,,,
,,,,,,,,,,,,,
,,,,,,,,,,,,,
,,,,,,,,,,,,,
,,,,,,,,,,,,,
,,,,,,,,,,,,,
,,,,,,,,,,,,,
,,,,,,,,,,,,,
,,,,,,,,,,,,,
,,,,,,,,,,,,,
,,,,,,,,,,,,,
,,,,,,,,,,,,,
,,,,,,,,,,,,,
,,,,,,,,,,,,,
,,,,,,,,,,,,,
,,,,,,,,,,,,,
,,,,,,,,,,,,,
,,,,,,,,,,,,,
,,,,,,,,,,,,,
,,,,,,,,,,,,,
,,,,,,,,,,,,,
,,,,,,,,,,,,,
,,,,,,,,,,,,,
,,,,,,,,,,,,,
,,,,,,,,,,,,,
,,,,,,,,,,,,,
,,,,,,,,,,,,,
,,,,,,,,,,,,,
,,,,,,,,,,,,,
,,,,,,,,,,,,,
,,,,,,,,,,,,,
,,,,,,,,,,,,,
,,,,,,,,,,,,,
,,,,,,,,,,,,,
,,,,,,,,,,,,,
,,,,,,,,,,,,,
,,,,,,,,,,,,,
,,,,,,,,,,,,,
,,,,,,,,,,,,,
,,,,,,,,,,,,,
,,,,,,,,,,,,,
,,,,,,,,,,,,,
,,,,,,,,,,,,,
,,,,,,,,,,,,,
,,,,,,,,,,,,,
,,,,,,,,,,,,,
,,,,,,,,,,,,,
,,,,,,,,,,,,,
,,,,,,,,,,,,,
,,,,,,,,,,,,,
,,,,,,,,,,,,,
,,,,,,,,,,,,,
,,,,,,,,,,,,,
,,,,,,,,,,,,,
,,,,,,,,,,,,,
,,,,,,,,,,,,,
,,,,,,,,,,,,,
,,,,,,,,,,,,,
,,,,,,,,,,,,,
,,,,,,,,,,,,,
,,,,,,,,,,,,,
,,,,,,,,,,,,,
,,,,,,,,,,,,,
,,,,,,,,,,,,,
,,,,,,,,,,,,,
,,,,,,,,,,,,,
,,,,,,,,,,,,,
,,,,,,,,,,,,,
,,,,,,,,,,,,,
,,,,,,,,,,,,,
,,,,,,,,,,,,,
,,,,,,,,,,,,,
,,,,,,,,,,,,,
,,,,,,,,,,,,,
,,,,,,,,,,,,,
,,,,,,,,,,,,,
,,,,,,,,,,,,,
,,,,,,,,,,,,,
,,,,,,,,,,,,,
,,,,,,,,,,,,,
,,,,,,,,,,,,,
,,,,,,,,,,,,,
,,,,,,,,,,,,,
,,,,,,,,,,,,,
,,,,,,,,,,,,,
,,,,,,,,,,,,,
,,,,,,,,,,,,,
,,,,,,,,,,,,,
,,,,,,,,,,,,,
,,,,,,,,,,,,,
,,,,,,,,,,,,,
,,,,,,,,,,,,,
,,,,,,,,,,,,,
,,,,,,,,,,,,,
,,,,,,,,,,,,,
,,,,,,,,,,,,,
,,,,,,,,,,,,,
,,,,,,,,,,,,,
,,,,,,,,,,,,,
,,,,,,,,,,,,,
,,,,,,,,,,,,,
,,,,,,,,,,,,,
,,,,,,,,,,,,,
,,,,,,,,,,,,,
,,,,,,,,,,,,,
,,,,,,,,,,,,,
,,,,,,,,,,,,,
,,,,,,,,,,,,,
,,,,,,,,,,,,,
,,,,,,,,,,,,,
,,,,,,,,,,,,,
,,,,,,,,,,,,,
,,,,,,,,,,,,,
,,,,,,,,,,,,,
,,,,,,,,,,,,,
,,,,,,,,,,,,,
,,,,,,,,,,,,,
,,,,,,,,,,,,,
,,,,,,,,,,,,,
,,,,,,,,,,,,,
,,,,,,,,,,,,,
,,,,,,,,,,,,,
,,,,,,,,,,,,,
,,,,,,,,,,,,,
,,,,,,,,,,,,,
,,,,,,,,,,,,,
,,,,,,,,,,,,,
,,,,,,,,,,,,,
,,,,,,,,,,,,,
,,,,,,,,,,,,,
,,,,,,,,,,,,,
,,,,,,,,,,,,,
,,,,,,,,,,,,,
,,,,,,,,,,,,,
,,,,,,,,,,,,,
,,,,,,,,,,,,,
,,,,,,,,,,,,,
,,,,,,,,,,,,,
,,,,,,,,,,,,,
,,,,,,,,,,,,,
,,,,,,,,,,,,,
,,,,,,,,,,,,,
,,,,,,,,,,,,,
,,,,,,,,,,,,,
,,,,,,,,,,,,,
,,,,,,,,,,,,,
,,,,,,,,,,,,,
,,,,,,,,,,,,,
,,,,,,,,,,,,,
,,,,,,,,,,,,,
,,,,,,,,,,,,,
,,,,,,,,,,,,,
,,,,,,,,,,,,,
,,,,,,,,,,,,,
,,,,,,,,,,,,,
,,,,,,,,,,,,,
,,,,,,,,,,,,,
,,,,,,,,,,,,,
,,,,,,,,,,,,,
,,,,,,,,,,,,,
,,,,,,,,,,,,,
,,,,,,,,,,,,,
,,,,,,,,,,,,,
,,,,,,,,,,,,,
,,,,,,,,,,,,,
,,,,,,,,,,,,,
,,,,,,,,,,,,,
,,,,,,,,,,,,,
,,,,,,,,,,,,,
,,,,,,,,,,,,,
,,,,,,,,,,,,,
,,,,,,,,,,,,,
,,,,,,,,,,,,,
,,,,,,,,,,,,,
,,,,,,,,,,,,,
,,,,,,,,,,,,,
,,,,,,,,,,,,,
,,,,,,,,,,,,,
,,,,,,,,,,,,,
,,,,,,,,,,,,,
,,,,,,,,,,,,,
,,,,,,,,,,,,,
,,,,,,,,,,,,,
,,,,,,,,,,,,,
,,,,,,,,,,,,,
,,,,,,,,,,,,,
,,,,,,,,,,,,,
,,,,,,,,,,,,,
,,,,,,,,,,,,,
,,,,,,,,,,,,,
,,,,,,,,,,,,,
,,,,,,,,,,,,,
,,,,,,,,,,,,,
,,,,,,,,,,,,,
,,,,,,,,,,,,,
,,,,,,,,,,,,,
,,,,,,,,,,,,,
,,,,,,,,,,,,,
,,,,,,,,,,,,,
,,,,,,,,,,,,,
,,,,,,,,,,,,,
,,,,,,,,,,,,,
,,,,,,,,,,,,,
