referral_id,consultation_id,patient_id,clinician_id,district,diagnosis_category,receiving_facility,initiated_datetime,week_number,authorised,authorisation_datetime,processing_hours
REF-00001,CON-00002,PAT-00176,CLN-028,Muhanga,Hypertension,CHUB,2026-04-28 01:40,13,Yes,2026-04-28 17:11,15.5
REF-00002,CON-00019,PAT-00093,CLN-016,Muhanga,Injury/Trauma,Kibungo Hospital,2026-04-12 05:55,11,Yes,2026-04-13 02:56,21
REF-00003,CON-00027,PAT-00397,CLN-020,Rulindo,Malaria,Ruhengeri Hospital,2026-04-02 01:57,9,,,
REF-00004,CON-00043,PAT-00708,CLN-038,Rubavu,Respiratory Infection,CHUK,2026-04-15 13:24,11,Yes,2026-04-15 23:21,10
REF-00005,CON-00052,PAT-00739,CLN-014,Nyarugenge,Malaria,Ruhengeri Hospital,2026-04-10 14:25,10,Yes,2026-04-12 10:31,44.1
REF-00006,CON-00055,PAT-00323,CLN-033,Nyagatare,Hypertension,Ruhengeri Hospital,2026-04-29 10:42,13,No,,
REF-00007,CON-00070,PAT-00266,CLN-008,Karongi,Hypertension,Kibungo Hospital,2026-04-14 04:07,11,Yes,2026-04-14 13:26,9.3
REF-00008,CON-00073,PAT-00521,CLN-023,Rwamagana,Hypertension,Ruhengeri Hospital,2026-04-16 18:13,11,Yes,2026-04-16 20:30,2.3
REF-00009,CON-00092,PAT-00391,CLN-037,Gasabo,Diabetes,CHUB,2026-03-15 09:53,7,,,
REF-00010,CON-00098,PAT-00055,CLN-001,Gasabo,Malaria,Butaro Cancer Centre,2026-03-19 15:21,7,Yes,2026-03-21 04:10,36.8
REF-00011,CON-00113,PAT-01117,CLN-010,Kicukiro,Respiratory Infection,King Faisal,2026-04-24 16:09,12,Yes,2026-04-25 01:22,9.2
REF-00012,CON-00121,PAT-00555,CLN-025,Kicukiro,Hypertension,Kibungo Hospital,2026-04-05 22:30,10,Yes,2026-04-07 13:49,39.3
REF-00013,CON-00130,PAT-00084,CLN-037,Rwamagana,Diabetes,Ruhengeri Hospital,2026-04-16 06:19,11,Yes,2026-04-17 00:31,18.2
REF-00014,CON-00137,PAT-00431,CLN-033,Nyagatare,Diabetes,CHUK,2026-04-29 23:42,13,,,
REF-00015,CON-00156,PAT-01190,CLN-001,Kicukiro,Diabetes,Butaro Cancer Centre,2026-04-16 18:45,11,Yes,2026-04-17 07:48,13.1
REF-00016,CON-00164,PAT-00752,CLN-007,Rwamagana,Diabetes,CHUB,2026-04-21 23:10,12,,,
REF-00017,CON-00170,PAT-00463,CLN-039,Gisagara,Hypertension,Ruhengeri Hospital,2026-04-29 23:54,13,No,,
REF-00018,CON-00181,PAT-00733,CLN-034,Nyarugenge,Malaria,CHUB,2026-04-03 02:50,9,Yes,2026-04-04 14:58,36.1
REF-00019,CON-00186,PAT-00156,CLN-039,Huye,Diabetes,CHUK,2026-04-28 03:25,13,Yes,2026-04-29 09:09,29.7
REF-00020,CON-00188,PAT-00039,CLN-034,Gasabo,Mental Health,CHUB,2026-04-28 07:35,13,No,,
REF-00021,CON-00191,PAT-01083,CLN-005,Rulindo,Respiratory Infection,Kibungo Hospital,2026-04-28 04:43,13,No,,
REF-00022,CON-00197,PAT-00955,CLN-002,Huye,Reproductive Health,Butaro Cancer Centre,2026-04-24 05:55,12,Yes,2026-04-24 18:21,12.4
REF-00023,CON-00235,PAT-00261,CLN-030,Gisagara,Respiratory Infection,Kibungo Hospital,2026-04-07 17:10,10,Yes,2026-04-09 08:25,39.3
REF-00024,CON-00245,PAT-00946,CLN-024,Gasabo,Hypertension,King Faisal,2026-04-21 22:20,12,Yes,2026-04-21 23:45,1.4
REF-00025,CON-00251,PAT-00556,CLN-034,Huye,Mental Health,Ruhengeri Hospital,2026-04-15 05:20,11,,,
REF-00026,CON-00260,PAT-00174,CLN-005,Gasabo,Respiratory Infection,King Faisal,2026-03-22 16:38,8,Yes,2026-03-26 02:45,82.1
REF-00027,CON-00280,PAT-00101,CLN-014,Karongi,Hypertension,King Faisal,2026-04-21 10:07,12,,,
REF-00028,CON-00312,PAT-00666,CLN-007,Gasabo,Diabetes,King Faisal,2026-04-26 12:37,13,No,,
REF-00029,CON-00314,PAT-00370,CLN-028,Kicukiro,Respiratory Infection,Butaro Cancer Centre,2026-04-20 02:43,12,Yes,2026-04-21 07:34,28.9
REF-00030,CON-00315,PAT-00370,CLN-019,Kicukiro,General Consultation,CHUK,2026-04-17 21:03,11,Yes,2026-04-17 22:28,1.4
REF-00031,CON-00341,PAT-00902,CLN-002,Rwamagana,Mental Health,King Faisal,2026-04-18 03:57,11,,,
REF-00032,CON-00344,PAT-00589,CLN-035,Nyarugenge,Gastrointestinal,Kibungo Hospital,2026-04-24 02:54,12,Yes,2026-04-24 23:22,20.5
REF-00033,CON-00346,PAT-00618,CLN-022,Huye,General Consultation,Kibungo Hospital,2026-03-28 01:53,8,Yes,2026-03-28 15:22,13.5
REF-00034,CON-00348,PAT-00554,CLN-032,Huye,Diabetes,Ruhengeri Hospital,2026-03-12 17:19,6,Yes,2026-03-13 11:32,18.2
REF-00035,CON-00362,PAT-00347,CLN-001,Huye,Skin Condition,CHUB,2026-04-14 01:57,11,No,,
REF-00036,CON-00369,PAT-00908,CLN-041,Nyarugenge,Hypertension,Ruhengeri Hospital,2026-03-18 14:52,7,Yes,2026-03-18 20:13,5.4
REF-00037,CON-00386,PAT-00006,CLN-022,Gasabo,Malaria,Butaro Cancer Centre,2026-04-04 05:58,9,,,
REF-00038,CON-00415,PAT-00154,CLN-018,Gasabo,Respiratory Infection,CHUB,2026-04-10 00:22,10,,,
REF-00039,CON-00420,PAT-00013,CLN-006,Huye,Hypertension,Ruhengeri Hospital,2026-04-21 17:37,12,No,,
REF-00040,CON-00451,PAT-00933,CLN-004,Rubavu,Respiratory Infection,CHUK,2026-03-29 20:33,9,Yes,2026-03-30 09:31,13
REF-00041,CON-00454,PAT-00380,CLN-004,Nyarugenge,Respiratory Infection,Kibungo Hospital,2026-04-29 01:34,13,No,,
REF-00042,CON-00458,PAT-00192,CLN-035,Muhanga,Injury/Trauma,King Faisal,2026-04-29 12:36,13,No,,
REF-00043,CON-00487,PAT-00883,CLN-014,Gisagara,Mental Health,Kibungo Hospital,2026-04-16 14:02,11,Yes,2026-04-20 22:15,104.2
REF-00044,CON-00495,PAT-00376,CLN-037,Kicukiro,Respiratory Infection,Kibungo Hospital,2026-03-23 05:16,8,Yes,2026-03-25 00:06,42.8
REF-00045,CON-00502,PAT-00169,CLN-031,Rwamagana,Respiratory Infection,CHUK,2026-04-05 16:18,10,Yes,2026-04-05 20:41,4.4
REF-00046,CON-00521,PAT-00651,CLN-014,Huye,Malaria,Ruhengeri Hospital,2026-04-12 08:54,11,No,,
REF-00047,CON-00522,PAT-00862,CLN-015,Rwamagana,Respiratory Infection,Kibungo Hospital,2026-04-21 10:26,12,Yes,2026-04-22 00:25,14
REF-00048,CON-00528,PAT-00161,CLN-032,Huye,Mental Health,Ruhengeri Hospital,2026-04-28 13:18,13,Yes,2026-04-28 15:53,2.6
REF-00049,CON-00532,PAT-01087,CLN-014,Rwamagana,Mental Health,King Faisal,2026-02-27 11:44,4,Yes,2026-02-28 10:49,23.1
REF-00050,CON-00536,PAT-01126,CLN-040,Nyarugenge,Malaria,King Faisal,2026-04-02 01:52,9,Yes,2026-04-03 12:36,34.7
REF-00051,CON-00554,PAT-00932,CLN-013,Rwamagana,Skin Condition,King Faisal,2026-04-18 21:54,11,Yes,2026-04-20 04:24,30.5
REF-00052,CON-00557,PAT-00489,CLN-017,Huye,Diabetes,CHUK,2026-04-05 23:02,10,,,
REF-00053,CON-00561,PAT-00959,CLN-024,Rwamagana,Respiratory Infection,Butaro Cancer Centre,2026-04-23 05:26,12,Yes,2026-04-23 18:55,13.5
REF-00054,CON-00563,PAT-00959,CLN-007,Rwamagana,Skin Condition,Butaro Cancer Centre,2026-03-24 07:04,8,Yes,2026-03-24 13:08,6.1
REF-00055,CON-00578,PAT-00784,CLN-020,Huye,Hypertension,King Faisal,2026-04-12 09:33,11,Yes,2026-04-12 12:41,3.1
REF-00056,CON-00584,PAT-01092,CLN-007,Gasabo,Respiratory Infection,CHUK,2026-04-07 11:43,10,Yes,2026-04-08 01:32,13.8
REF-00057,CON-00610,PAT-00076,CLN-008,Rwamagana,Hypertension,Butaro Cancer Centre,2026-04-09 02:33,10,Yes,2026-04-10 13:12,34.7
REF-00058,CON-00618,PAT-01039,CLN-030,Gasabo,General Consultation,Butaro Cancer Centre,2026-04-29 18:12,13,No,,
REF-00059,CON-00620,PAT-01039,CLN-022,Gasabo,Hypertension,Butaro Cancer Centre,2026-04-02 10:08,9,Yes,2026-04-02 13:49,3.7
REF-00060,CON-00683,PAT-00917,CLN-032,Rulindo,Respiratory Infection,Butaro Cancer Centre,2026-04-29 07:51,13,No,,
REF-00061,CON-00688,PAT-00747,CLN-032,Rulindo,Hypertension,Ruhengeri Hospital,2026-04-06 12:22,10,Yes,2026-04-07 04:24,16
REF-00062,CON-00699,PAT-00202,CLN-035,Nyarugenge,Diabetes,Kibungo Hospital,2026-04-28 17:23,13,No,,
REF-00063,CON-00702,PAT-00819,CLN-015,Rulindo,Respiratory Infection,Ruhengeri Hospital,2026-04-28 22:47,13,No,,
REF-00064,CON-00731,PAT-00729,CLN-025,Karongi,Injury/Trauma,King Faisal,2026-04-25 02:03,12,Yes,2026-04-25 14:41,12.6
REF-00065,CON-00740,PAT-00059,CLN-034,Huye,Hypertension,King Faisal,2026-04-20 10:09,12,Yes,2026-04-22 04:28,42.3
REF-00066,CON-00745,PAT-00596,CLN-007,Karongi,Hypertension,King Faisal,2026-04-22 19:37,12,,,
REF-00067,CON-00760,PAT-00490,CLN-030,Kicukiro,Diabetes,Butaro Cancer Centre,2026-04-29 21:03,13,,,
REF-00068,CON-00761,PAT-00823,CLN-033,Kicukiro,Respiratory Infection,CHUB,2026-04-02 01:54,9,Yes,2026-04-02 23:35,21.7
REF-00069,CON-00773,PAT-00658,CLN-010,Nyagatare,Hypertension,CHUB,2026-04-24 23:30,12,Yes,2026-04-26 02:15,26.8
REF-00070,CON-00776,PAT-00421,CLN-001,Muhanga,Mental Health,CHUB,2026-04-15 14:20,11,,,
REF-00071,CON-00783,PAT-00403,CLN-026,Gasabo,Skin Condition,CHUK,2026-03-06 12:15,5,Yes,2026-03-06 15:03,2.8
REF-00072,CON-00784,PAT-00318,CLN-003,Nyagatare,Respiratory Infection,King Faisal,2026-03-25 01:41,8,Yes,2026-03-25 06:20,4.7
REF-00073,CON-00787,PAT-00975,CLN-026,Muhanga,Respiratory Infection,King Faisal,2026-03-27 14:22,8,,,
REF-00074,CON-00789,PAT-01148,CLN-012,Gasabo,Hypertension,Kibungo Hospital,2026-04-29 12:06,13,,,
REF-00075,CON-00803,PAT-01040,CLN-002,Rubavu,Respiratory Infection,CHUK,2026-04-06 07:04,10,Yes,2026-04-06 20:21,13.3
REF-00076,CON-00808,PAT-01116,CLN-005,Gasabo,Respiratory Infection,CHUK,2026-03-15 09:22,7,,,
REF-00077,CON-00817,PAT-00091,CLN-034,Gasabo,Respiratory Infection,Butaro Cancer Centre,2026-02-16 05:21,3,Yes,2026-02-16 17:30,12.2
REF-00078,CON-00819,PAT-00762,CLN-024,Gasabo,Respiratory Infection,Kibungo Hospital,2026-03-09 17:18,6,No,,
REF-00079,CON-00820,PAT-00762,CLN-006,Gasabo,Diabetes,Kibungo Hospital,2026-04-25 12:41,12,Yes,2026-04-26 03:53,15.2
REF-00080,CON-00823,PAT-00965,CLN-018,Nyarugenge,Respiratory Infection,CHUB,2026-04-22 02:08,12,Yes,2026-04-23 06:34,28.4
REF-00081,CON-00830,PAT-00548,CLN-026,Karongi,Diabetes,CHUB,2026-04-13 18:45,11,Yes,2026-04-18 12:15,113.5
REF-00082,CON-00846,PAT-00583,CLN-015,Rwamagana,Respiratory Infection,CHUK,2026-03-29 15:36,9,Yes,2026-03-30 05:30,13.9
REF-00083,CON-00868,PAT-00379,CLN-041,Rubavu,Respiratory Infection,CHUB,2026-03-16 00:18,7,Yes,2026-03-16 08:19,8
REF-00084,CON-00873,PAT-00160,CLN-025,Rulindo,Hypertension,CHUK,2026-03-27 20:19,8,Yes,2026-03-28 18:06,21.8
REF-00085,CON-00896,PAT-00949,CLN-027,Nyagatare,Malaria,CHUB,2026-04-19 05:49,12,,,
REF-00086,CON-00908,PAT-00994,CLN-014,Rubavu,Hypertension,King Faisal,2026-04-29 15:09,13,Yes,2026-04-29 16:54,1.8
REF-00087,CON-00913,PAT-01036,CLN-002,Muhanga,Mental Health,CHUB,2026-03-26 20:09,8,Yes,2026-03-26 23:27,3.3
REF-00088,CON-00967,PAT-00283,CLN-001,Nyarugenge,Respiratory Infection,Butaro Cancer Centre,2026-04-01 21:54,9,Yes,2026-04-03 08:49,34.9
REF-00089,CON-00969,PAT-01038,CLN-017,Muhanga,Mental Health,King Faisal,2026-04-04 01:14,9,Yes,2026-04-04 06:53,5.7
REF-00090,CON-00993,PAT-01164,CLN-005,Rubavu,Hypertension,Butaro Cancer Centre,2026-03-28 19:32,8,Yes,2026-03-29 02:15,6.7
REF-00091,CON-01000,PAT-00199,CLN-006,Nyarugenge,Hypertension,Kibungo Hospital,2026-04-01 08:36,9,Yes,2026-04-02 07:35,23
REF-00092,CON-01003,PAT-00850,CLN-030,Nyarugenge,Respiratory Infection,CHUB,2026-04-22 00:22,12,Yes,2026-04-23 00:10,23.8
REF-00093,CON-01010,PAT-00284,CLN-022,Rubavu,Gastrointestinal,CHUB,2026-04-24 17:18,12,Yes,2026-04-26 00:40,31.4
REF-00094,CON-01013,PAT-00132,CLN-009,Rwamagana,Mental Health,CHUB,2026-04-03 17:40,9,Yes,2026-04-03 22:46,5.1
REF-00095,CON-01024,PAT-00155,CLN-006,Rubavu,Respiratory Infection,Butaro Cancer Centre,2026-04-18 03:11,11,Yes,2026-04-19 13:22,34.2
REF-00096,CON-01038,PAT-00968,CLN-022,Karongi,Respiratory Infection,Ruhengeri Hospital,2026-04-23 07:10,12,Yes,2026-04-27 08:05,96.9
REF-00097,CON-01051,PAT-00773,CLN-038,Karongi,Respiratory Infection,Kibungo Hospital,2026-04-19 13:46,12,Yes,2026-04-24 12:09,118.4
REF-00098,CON-01065,PAT-01069,CLN-016,Gasabo,Diabetes,Butaro Cancer Centre,2026-03-11 03:00,6,,,
REF-00099,CON-01080,PAT-00895,CLN-035,Huye,Mental Health,CHUB,2026-04-01 17:18,9,Yes,2026-04-02 13:53,20.6
REF-00100,CON-01082,PAT-00813,CLN-029,Huye,Respiratory Infection,Ruhengeri Hospital,2026-04-27 04:46,13,Yes,2026-04-27 23:41,18.9
REF-00101,CON-01108,PAT-00158,CLN-021,Rubavu,Respiratory Infection,Ruhengeri Hospital,2026-03-23 01:01,8,Yes,2026-03-24 08:33,31.5
REF-00102,CON-01109,PAT-00227,CLN-017,Muhanga,Injury/Trauma,Butaro Cancer Centre,2026-04-23 05:13,12,Yes,2026-04-24 01:19,20.1
,,,,,,,,,,,
,,,,,,,,,,,
,,,,,,,,,,,
,,,,,,,,,,,
,,,,,,,,,,,
,,,,,,,,,,,
,,,,,,,,,,,
,,,,,,,,,,,
,,,,,,,,,,,
,,,,,,,,,,,
,,,,,,,,,,,
,,,,,,,,,,,
,,,,,,,,,,,
,,,,,,,,,,,
,,,,,,,,,,,
,,,,,,,,,,,
,,,,,,,,,,,
,,,,,,,,,,,
,,,,,,,,,,,
,,,,,,,,,,,
,,,,,,,,,,,
,,,,,,,,,,,
,,,,,,,,,,,
,,,,,,,,,,,
,,,,,,,,,,,
,,,,,,,,,,,
,,,,,,,,,,,
,,,,,,,,,,,
,,,,,,,,,,,
,,,,,,,,,,,
,,,,,,,,,,,
,,,,,,,,,,,
,,,,,,,,,,,
,,,,,,,,,,,
,,,,,,,,,,,
,,,,,,,,,,,
,,,,,,,,,,,
,,,,,,,,,,,
,,,,,,,,,,,
,,,,,,,,,,,
,,,,,,,,,,,
,,,,,,,,,,,
,,,,,,,,,,,
,,,,,,,,,,,
,,,,,,,,,,,
,,,,,,,,,,,
,,,,,,,,,,,
,,,,,,,,,,,
,,,,,,,,,,,
,,,,,,,,,,,
,,,,,,,,,,,
,,,,,,,,,,,
,,,,,,,,,,,
,,,,,,,,,,,
,,,,,,,,,,,
,,,,,,,,,,,
,,,,,,,,,,,
,,,,,,,,,,,
,,,,,,,,,,,
,,,,,,,,,,,
,,,,,,,,,,,
,,,,,,,,,,,
,,,,,,,,,,,
,,,,,,,,,,,
,,,,,,,,,,,
,,,,,,,,,,,
,,,,,,,,,,,
,,,,,,,,,,,
,,,,,,,,,,,
,,,,,,,,,,,
,,,,,,,,,,,
,,,,,,,,,,,
,,,,,,,,,,,
,,,,,,,,,,,
,,,,,,,,,,,
,,,,,,,,,,,
,,,,,,,,,,,
,,,,,,,,,,,
,,,,,,,,,,,
,,,,,,,,,,,
,,,,,,,,,,,
,,,,,,,,,,,
,,,,,,,,,,,
,,,,,,,,,,,
,,,,,,,,,,,
,,,,,,,,,,,
,,,,,,,,,,,
,,,,,,,,,,,
,,,,,,,,,,,
,,,,,,,,,,,
,,,,,,,,,,,
,,,,,,,,,,,
,,,,,,,,,,,
,,,,,,,,,,,
,,,,,,,,,,,
,,,,,,,,,,,
,,,,,,,,,,,
,,,,,,,,,,,
,,,,,,,,,,,
,,,,,,,,,,,
,,,,,,,,,,,
,,,,,,,,,,,
,,,,,,,,,,,
,,,,,,,,,,,
,,,,,,,,,,,
,,,,,,,,,,,
,,,,,,,,,,,
,,,,,,,,,,,
,,,,,,,,,,,
,,,,,,,,,,,
,,,,,,,,,,,
,,,,,,,,,,,
,,,,,,,,,,,
,,,,,,,,,,,
,,,,,,,,,,,
,,,,,,,,,,,
,,,,,,,,,,,
,,,,,,,,,,,
,,,,,,,,,,,
,,,,,,,,,,,
,,,,,,,,,,,
,,,,,,,,,,,
,,,,,,,,,,,
,,,,,,,,,,,
,,,,,,,,,,,
,,,,,,,,,,,
,,,,,,,,,,,
,,,,,,,,,,,
,,,,,,,,,,,
,,,,,,,,,,,
,,,,,,,,,,,
,,,,,,,,,,,
,,,,,,,,,,,
,,,,,,,,,,,
,,,,,,,,,,,
,,,,,,,,,,,
,,,,,,,,,,,
,,,,,,,,,,,
,,,,,,,,,,,
,,,,,,,,,,,
,,,,,,,,,,,
,,,,,,,,,,,
,,,,,,,,,,,
,,,,,,,,,,,
,,,,,,,,,,,
,,,,,,,,,,,
,,,,,,,,,,,
,,,,,,,,,,,
,,,,,,,,,,,
,,,,,,,,,,,
,,,,,,,,,,,
,,,,,,,,,,,
,,,,,,,,,,,
,,,,,,,,,,,
,,,,,,,,,,,
,,,,,,,,,,,
,,,,,,,,,,,
,,,,,,,,,,,
,,,,,,,,,,,
,,,,,,,,,,,
,,,,,,,,,,,
,,,,,,,,,,,
,,,,,,,,,,,
,,,,,,,,,,,
,,,,,,,,,,,
,,,,,,,,,,,
,,,,,,,,,,,
,,,,,,,,,,,
,,,,,,,,,,,
,,,,,,,,,,,
,,,,,,,,,,,
,,,,,,,,,,,
,,,,,,,,,,,
,,,,,,,,,,,
,,,,,,,,,,,
,,,,,,,,,,,
,,,,,,,,,,,
,,,,,,,,,,,
,,,,,,,,,,,
,,,,,,,,,,,
,,,,,,,,,,,
,,,,,,,,,,,
,,,,,,,,,,,
,,,,,,,,,,,
,,,,,,,,,,,
,,,,,,,,,,,
,,,,,,,,,,,
,,,,,,,,,,,
,,,,,,,,,,,
,,,,,,,,,,,
,,,,,,,,,,,
,,,,,,,,,,,
,,,,,,,,,,,
,,,,,,,,,,,
,,,,,,,,,,,
,,,,,,,,,,,
,,,,,,,,,,,
,,,,,,,,,,,
,,,,,,,,,,,
,,,,,,,,,,,
,,,,,,,,,,,
,,,,,,,,,,,
,,,,,,,,,,,
,,,,,,,,,,,
,,,,,,,,,,,
,,,,,,,,,,,
,,,,,,,,,,,
,,,,,,,,,,,
,,,,,,,,,,,
,,,,,,,,,,,
,,,,,,,,,,,
,,,,,,,,,,,
,,,,,,,,,,,
,,,,,,,,,,,
,,,,,,,,,,,
,,,,,,,,,,,
,,,,,,,,,,,
,,,,,,,,,,,
,,,,,,,,,,,
,,,,,,,,,,,
,,,,,,,,,,,
,,,,,,,,,,,
,,,,,,,,,,,
,,,,,,,,,,,
,,,,,,,,,,,
,,,,,,,,,,,
,,,,,,,,,,,
,,,,,,,,,,,
,,,,,,,,,,,
,,,,,,,,,,,
,,,,,,,,,,,
,,,,,,,,,,,
,,,,,,,,,,,
,,,,,,,,,,,
,,,,,,,,,,,
,,,,,,,,,,,
,,,,,,,,,,,
,,,,,,,,,,,
,,,,,,,,,,,
,,,,,,,,,,,
,,,,,,,,,,,
,,,,,,,,,,,
,,,,,,,,,,,
,,,,,,,,,,,
,,,,,,,,,,,
,,,,,,,,,,,
,,,,,,,,,,,
,,,,,,,,,,,
,,,,,,,,,,,
,,,,,,,,,,,
,,,,,,,,,,,
,,,,,,,,,,,
,,,,,,,,,,,
,,,,,,,,,,,
,,,,,,,,,,,
,,,,,,,,,,,
,,,,,,,,,,,
,,,,,,,,,,,
,,,,,,,,,,,
,,,,,,,,,,,
,,,,,,,,,,,
,,,,,,,,,,,
,,,,,,,,,,,
,,,,,,,,,,,
,,,,,,,,,,,
,,,,,,,,,,,
,,,,,,,,,,,
,,,,,,,,,,,
,,,,,,,,,,,
,,,,,,,,,,,
,,,,,,,,,,,
,,,,,,,,,,,
,,,,,,,,,,,
,,,,,,,,,,,
,,,,,,,,,,,
,,,,,,,,,,,
,,,,,,,,,,,
,,,,,,,,,,,
,,,,,,,,,,,
,,,,,,,,,,,
,,,,,,,,,,,
,,,,,,,,,,,
,,,,,,,,,,,
,,,,,,,,,,,
,,,,,,,,,,,
,,,,,,,,,,,
,,,,,,,,,,,
,,,,,,,,,,,
,,,,,,,,,,,
,,,,,,,,,,,
,,,,,,,,,,,
,,,,,,,,,,,
,,,,,,,,,,,
,,,,,,,,,,,
,,,,,,,,,,,
,,,,,,,,,,,
,,,,,,,,,,,
,,,,,,,,,,,
,,,,,,,,,,,
,,,,,,,,,,,
,,,,,,,,,,,
,,,,,,,,,,,
,,,,,,,,,,,
,,,,,,,,,,,
,,,,,,,,,,,
,,,,,,,,,,,
,,,,,,,,,,,
,,,,,,,,,,,
,,,,,,,,,,,
,,,,,,,,,,,
,,,,,,,,,,,
,,,,,,,,,,,
,,,,,,,,,,,
,,,,,,,,,,,
,,,,,,,,,,,
,,,,,,,,,,,
,,,,,,,,,,,
,,,,,,,,,,,
,,,,,,,,,,,
,,,,,,,,,,,
,,,,,,,,,,,
,,,,,,,,,,,
,,,,,,,,,,,
,,,,,,,,,,,
,,,,,,,,,,,
,,,,,,,,,,,
,,,,,,,,,,,
,,,,,,,,,,,
,,,,,,,,,,,
,,,,,,,,,,,
,,,,,,,,,,,
,,,,,,,,,,,
,,,,,,,,,,,
,,,,,,,,,,,
,,,,,,,,,,,
,,,,,,,,,,,
,,,,,,,,,,,
,,,,,,,,,,,
,,,,,,,,,,,
,,,,,,,,,,,
,,,,,,,,,,,
,,,,,,,,,,,
,,,,,,,,,,,
,,,,,,,,,,,
,,,,,,,,,,,
,,,,,,,,,,,
,,,,,,,,,,,
,,,,,,,,,,,
,,,,,,,,,,,
,,,,,,,,,,,
,,,,,,,,,,,
,,,,,,,,,,,
,,,,,,,,,,,
,,,,,,,,,,,
,,,,,,,,,,,
,,,,,,,,,,,
,,,,,,,,,,,
,,,,,,,,,,,
,,,,,,,,,,,
,,,,,,,,,,,
,,,,,,,,,,,
,,,,,,,,,,,
,,,,,,,,,,,
,,,,,,,,,,,
,,,,,,,,,,,
,,,,,,,,,,,
,,,,,,,,,,,
,,,,,,,,,,,
,,,,,,,,,,,
,,,,,,,,,,,
,,,,,,,,,,,
,,,,,,,,,,,
,,,,,,,,,,,
,,,,,,,,,,,
,,,,,,,,,,,
,,,,,,,,,,,
,,,,,,,,,,,
,,,,,,,,,,,
,,,,,,,,,,,
,,,,,,,,,,,
,,,,,,,,,,,
,,,,,,,,,,,
,,,,,,,,,,,
,,,,,,,,,,,
,,,,,,,,,,,
,,,,,,,,,,,
,,,,,,,,,,,
,,,,,,,,,,,
,,,,,,,,,,,
,,,,,,,,,,,
,,,,,,,,,,,
,,,,,,,,,,,
,,,,,,,,,,,
,,,,,,,,,,,
,,,,,,,,,,,
,,,,,,,,,,,
,,,,,,,,,,,
,,,,,,,,,,,
,,,,,,,,,,,
,,,,,,,,,,,
,,,,,,,,,,,
,,,,,,,,,,,
,,,,,,,,,,,
,,,,,,,,,,,
,,,,,,,,,,,
,,,,,,,,,,,
,,,,,,,,,,,
,,,,,,,,,,,
,,,,,,,,,,,
,,,,,,,,,,,
,,,,,,,,,,,
,,,,,,,,,,,
,,,,,,,,,,,
,,,,,,,,,,,
,,,,,,,,,,,
,,,,,,,,,,,
,,,,,,,,,,,
,,,,,,,,,,,
,,,,,,,,,,,
,,,,,,,,,,,
,,,,,,,,,,,
,,,,,,,,,,,
,,,,,,,,,,,
,,,,,,,,,,,
,,,,,,,,,,,
,,,,,,,,,,,
,,,,,,,,,,,
,,,,,,,,,,,
,,,,,,,,,,,
,,,,,,,,,,,
,,,,,,,,,,,
,,,,,,,,,,,
,,,,,,,,,,,
,,,,,,,,,,,
,,,,,,,,,,,
,,,,,,,,,,,
,,,,,,,,,,,
,,,,,,,,,,,
,,,,,,,,,,,
,,,,,,,,,,,
,,,,,,,,,,,
,,,,,,,,,,,
,,,,,,,,,,,
,,,,,,,,,,,
,,,,,,,,,,,
,,,,,,,,,,,
,,,,,,,,,,,
,,,,,,,,,,,
,,,,,,,,,,,
,,,,,,,,,,,
,,,,,,,,,,,
,,,,,,,,,,,
,,,,,,,,,,,
,,,,,,,,,,,
,,,,,,,,,,,
,,,,,,,,,,,
,,,,,,,,,,,
,,,,,,,,,,,
,,,,,,,,,,,
,,,,,,,,,,,
,,,,,,,,,,,
,,,,,,,,,,,
,,,,,,,,,,,
,,,,,,,,,,,
,,,,,,,,,,,
,,,,,,,,,,,
,,,,,,,,,,,
,,,,,,,,,,,
,,,,,,,,,,,
,,,,,,,,,,,
,,,,,,,,,,,
,,,,,,,,,,,
,,,,,,,,,,,
,,,,,,,,,,,
,,,,,,,,,,,
,,,,,,,,,,,
,,,,,,,,,,,
,,,,,,,,,,,
,,,,,,,,,,,
,,,,,,,,,,,
,,,,,,,,,,,
,,,,,,,,,,,
,,,,,,,,,,,
,,,,,,,,,,,
,,,,,,,,,,,
,,,,,,,,,,,
,,,,,,,,,,,
,,,,,,,,,,,
,,,,,,,,,,,
,,,,,,,,,,,
,,,,,,,,,,,
,,,,,,,,,,,
,,,,,,,,,,,
,,,,,,,,,,,
,,,,,,,,,,,
,,,,,,,,,,,
,,,,,,,,,,,
,,,,,,,,,,,
,,,,,,,,,,,
,,,,,,,,,,,
,,,,,,,,,,,
,,,,,,,,,,,
,,,,,,,,,,,
,,,,,,,,,,,
,,,,,,,,,,,
,,,,,,,,,,,
,,,,,,,,,,,
,,,,,,,,,,,
,,,,,,,,,,,
,,,,,,,,,,,
,,,,,,,,,,,
,,,,,,,,,,,
,,,,,,,,,,,
,,,,,,,,,,,
,,,,,,,,,,,
,,,,,,,,,,,
,,,,,,,,,,,
,,,,,,,,,,,
,,,,,,,,,,,
,,,,,,,,,,,
,,,,,,,,,,,
,,,,,,,,,,,
,,,,,,,,,,,
,,,,,,,,,,,
,,,,,,,,,,,
,,,,,,,,,,,
,,,,,,,,,,,
,,,,,,,,,,,
,,,,,,,,,,,
,,,,,,,,,,,
,,,,,,,,,,,
,,,,,,,,,,,
,,,,,,,,,,,
,,,,,,,,,,,
,,,,,,,,,,,
,,,,,,,,,,,
,,,,,,,,,,,
,,,,,,,,,,,
,,,,,,,,,,,
,,,,,,,,,,,
,,,,,,,,,,,
,,,,,,,,,,,
,,,,,,,,,,,
,,,,,,,,,,,
,,,,,,,,,,,
,,,,,,,,,,,
,,,,,,,,,,,
,,,,,,,,,,,
,,,,,,,,,,,
,,,,,,,,,,,
,,,,,,,,,,,
,,,,,,,,,,,
,,,,,,,,,,,
,,,,,,,,,,,
,,,,,,,,,,,
,,,,,,,,,,,
,,,,,,,,,,,
,,,,,,,,,,,
,,,,,,,,,,,
,,,,,,,,,,,
,,,,,,,,,,,
,,,,,,,,,,,
,,,,,,,,,,,
,,,,,,,,,,,
,,,,,,,,,,,
,,,,,,,,,,,
,,,,,,,,,,,
,,,,,,,,,,,
,,,,,,,,,,,
,,,,,,,,,,,
,,,,,,,,,,,
,,,,,,,,,,,
,,,,,,,,,,,
,,,,,,,,,,,
,,,,,,,,,,,
,,,,,,,,,,,
,,,,,,,,,,,
,,,,,,,,,,,
,,,,,,,,,,,
,,,,,,,,,,,
,,,,,,,,,,,
,,,,,,,,,,,
,,,,,,,,,,,
,,,,,,,,,,,
,,,,,,,,,,,
,,,,,,,,,,,
,,,,,,,,,,,
,,,,,,,,,,,
,,,,,,,,,,,
,,,,,,,,,,,
,,,,,,,,,,,
,,,,,,,,,,,
,,,,,,,,,,,
,,,,,,,,,,,
,,,,,,,,,,,
,,,,,,,,,,,
,,,,,,,,,,,
,,,,,,,,,,,
,,,,,,,,,,,
,,,,,,,,,,,
,,,,,,,,,,,
,,,,,,,,,,,
,,,,,,,,,,,
,,,,,,,,,,,
,,,,,,,,,,,
,,,,,,,,,,,
,,,,,,,,,,,
,,,,,,,,,,,
,,,,,,,,,,,
,,,,,,,,,,,
,,,,,,,,,,,
,,,,,,,,,,,
,,,,,,,,,,,
,,,,,,,,,,,
,,,,,,,,,,,
,,,,,,,,,,,
,,,,,,,,,,,
,,,,,,,,,,,
,,,,,,,,,,,
,,,,,,,,,,,
,,,,,,,,,,,
,,,,,,,,,,,
,,,,,,,,,,,
,,,,,,,,,,,
,,,,,,,,,,,
,,,,,,,,,,,
,,,,,,,,,,,
,,,,,,,,,,,
,,,,,,,,,,,
,,,,,,,,,,,
,,,,,,,,,,,
,,,,,,,,,,,
,,,,,,,,,,,
,,,,,,,,,,,
,,,,,,,,,,,
,,,,,,,,,,,
,,,,,,,,,,,
,,,,,,,,,,,
,,,,,,,,,,,
,,,,,,,,,,,
,,,,,,,,,,,
,,,,,,,,,,,
,,,,,,,,,,,
,,,,,,,,,,,
,,,,,,,,,,,
,,,,,,,,,,,
,,,,,,,,,,,
,,,,,,,,,,,
,,,,,,,,,,,
,,,,,,,,,,,
,,,,,,,,,,,
,,,,,,,,,,,
,,,,,,,,,,,
,,,,,,,,,,,
,,,,,,,,,,,
,,,,,,,,,,,
,,,,,,,,,,,
,,,,,,,,,,,
,,,,,,,,,,,
,,,,,,,,,,,
,,,,,,,,,,,
,,,,,,,,,,,
,,,,,,,,,,,
,,,,,,,,,,,
,,,,,,,,,,,
,,,,,,,,,,,
,,,,,,,,,,,
,,,,,,,,,,,
,,,,,,,,,,,
,,,,,,,,,,,
,,,,,,,,,,,
,,,,,,,,,,,
,,,,,,,,,,,
,,,,,,,,,,,
,,,,,,,,,,,
,,,,,,,,,,,
,,,,,,,,,,,
,,,,,,,,,,,
,,,,,,,,,,,
,,,,,,,,,,,
,,,,,,,,,,,
,,,,,,,,,,,
,,,,,,,,,,,
,,,,,,,,,,,
,,,,,,,,,,,
,,,,,,,,,,,
,,,,,,,,,,,
,,,,,,,,,,,
,,,,,,,,,,,
,,,,,,,,,,,
,,,,,,,,,,,
,,,,,,,,,,,
,,,,,,,,,,,
,,,,,,,,,,,
,,,,,,,,,,,
,,,,,,,,,,,
,,,,,,,,,,,
,,,,,,,,,,,
,,,,,,,,,,,
,,,,,,,,,,,
,,,,,,,,,,,
,,,,,,,,,,,
,,,,,,,,,,,
,,,,,,,,,,,
,,,,,,,,,,,
,,,,,,,,,,,
,,,,,,,,,,,
,,,,,,,,,,,
,,,,,,,,,,,
,,,,,,,,,,,
,,,,,,,,,,,
,,,,,,,,,,,
,,,,,,,,,,,
,,,,,,,,,,,
,,,,,,,,,,,
,,,,,,,,,,,
,,,,,,,,,,,
,,,,,,,,,,,
,,,,,,,,,,,
,,,,,,,,,,,
,,,,,,,,,,,
,,,,,,,,,,,
,,,,,,,,,,,
,,,,,,,,,,,
,,,,,,,,,,,
,,,,,,,,,,,
,,,,,,,,,,,
,,,,,,,,,,,
,,,,,,,,,,,
,,,,,,,,,,,
,,,,,,,,,,,
,,,,,,,,,,,
,,,,,,,,,,,
,,,,,,,,,,,
,,,,,,,,,,,
,,,,,,,,,,,
,,,,,,,,,,,
,,,,,,,,,,,
,,,,,,,,,,,
,,,,,,,,,,,
,,,,,,,,,,,
,,,,,,,,,,,
,,,,,,,,,,,
,,,,,,,,,,,
,,,,,,,,,,,
,,,,,,,,,,,
,,,,,,,,,,,
,,,,,,,,,,,
,,,,,,,,,,,
,,,,,,,,,,,
,,,,,,,,,,,
,,,,,,,,,,,
,,,,,,,,,,,
,,,,,,,,,,,
,,,,,,,,,,,
,,,,,,,,,,,
,,,,,,,,,,,
,,,,,,,,,,,
,,,,,,,,,,,
,,,,,,,,,,,
,,,,,,,,,,,
,,,,,,,,,,,
,,,,,,,,,,,
,,,,,,,,,,,
,,,,,,,,,,,
,,,,,,,,,,,
,,,,,,,,,,,
,,,,,,,,,,,
,,,,,,,,,,,
,,,,,,,,,,,
,,,,,,,,,,,
,,,,,,,,,,,
,,,,,,,,,,,
,,,,,,,,,,,
,,,,,,,,,,,
,,,,,,,,,,,
,,,,,,,,,,,
,,,,,,,,,,,
,,,,,,,,,,,
,,,,,,,,,,,
,,,,,,,,,,,
,,,,,,,,,,,
,,,,,,,,,,,
,,,,,,,,,,,
,,,,,,,,,,,
,,,,,,,,,,,
,,,,,,,,,,,
,,,,,,,,,,,
,,,,,,,,,,,
,,,,,,,,,,,
,,,,,,,,,,,
,,,,,,,,,,,
,,,,,,,,,,,
,,,,,,,,,,,
,,,,,,,,,,,
,,,,,,,,,,,
,,,,,,,,,,,
,,,,,,,,,,,
,,,,,,,,,,,
,,,,,,,,,,,
,,,,,,,,,,,
,,,,,,,,,,,
,,,,,,,,,,,
,,,,,,,,,,,
,,,,,,,,,,,
,,,,,,,,,,,
,,,,,,,,,,,
,,,,,,,,,,,
,,,,,,,,,,,
,,,,,,,,,,,
,,,,,,,,,,,
,,,,,,,,,,,
,,,,,,,,,,,
,,,,,,,,,,,
,,,,,,,,,,,
,,,,,,,,,,,
,,,,,,,,,,,
,,,,,,,,,,,
,,,,,,,,,,,
,,,,,,,,,,,
,,,,,,,,,,,
,,,,,,,,,,,
,,,,,,,,,,,
,,,,,,,,,,,
,,,,,,,,,,,
,,,,,,,,,,,
,,,,,,,,,,,
,,,,,,,,,,,
,,,,,,,,,,,
,,,,,,,,,,,
,,,,,,,,,,,
,,,,,,,,,,,
,,,,,,,,,,,
,,,,,,,,,,,
,,,,,,,,,,,
,,,,,,,,,,,
,,,,,,,,,,,
,,,,,,,,,,,
,,,,,,,,,,,
,,,,,,,,,,,
,,,,,,,,,,,
,,,,,,,,,,,
,,,,,,,,,,,
,,,,,,,,,,,
,,,,,,,,,,,
,,,,,,,,,,,
,,,,,,,,,,,
,,,,,,,,,,,
,,,,,,,,,,,
,,,,,,,,,,,
,,,,,,,,,,,
,,,,,,,,,,,
,,,,,,,,,,,
,,,,,,,,,,,
,,,,,,,,,,,
,,,,,,,,,,,
,,,,,,,,,,,
,,,,,,,,,,,
,,,,,,,,,,,
,,,,,,,,,,,
,,,,,,,,,,,
,,,,,,,,,,,
,,,,,,,,,,,
,,,,,,,,,,,
,,,,,,,,,,,
,,,,,,,,,,,
,,,,,,,,,,,
,,,,,,,,,,,
,,,,,,,,,,,
,,,,,,,,,,,
,,,,,,,,,,,
,,,,,,,,,,,
,,,,,,,,,,,
,,,,,,,,,,,
,,,,,,,,,,,
,,,,,,,,,,,
,,,,,,,,,,,
,,,,,,,,,,,
,,,,,,,,,,,
,,,,,,,,,,,
,,,,,,,,,,,
,,,,,,,,,,,
,,,,,,,,,,,
,,,,,,,,,,,
,,,,,,,,,,,
,,,,,,,,,,,
,,,,,,,,,,,
,,,,,,,,,,,
,,,,,,,,,,,
,,,,,,,,,,,
,,,,,,,,,,,
,,,,,,,,,,,
,,,,,,,,,,,
,,,,,,,,,,,
,,,,,,,,,,,
,,,,,,,,,,,
,,,,,,,,,,,
